,review,produk,packaging,pengiriman
0,"Dipesan RAM 6GB, dikirim RAM 4GB , semoga bisa diganti dengan pesanan yg sesuai",-1,0,0
1,Produk ada blank hitam di bagian kiri bawah layar,-1,0,0
2,"SAYA BELUM TERIMA PRODUK SAMA SEKALI.

NO. RESI TIDAK SESUAI DENGAN ALAMAT SAYA.

MOHON MASUKIN NO. RESI YANG BENER.",0,0,-1
3,"Kartu garansi diluar,  robek pula dan garansi gak jelas",0,-1,0
4,"Blibli distributor nya harus di black list, hp yg sy pesan baru sekitar 2 minggu ada kendala dan sy bawa ke servis centre distributornya, sy dijanjikan 2 minggu, tp sdh lewat waktu hp sy blm selesai juga.",-1,0,0
5,Kok srkarang byr ongkir sih.. Kmrn2 ga...  Jd bete sma blibi mna mhl lg ongkirnya 200rban.. ,0,0,0
6,"Pembelian KBO 190LW di blibli pertanggal 12 Juni 2018. Kartu Garansi setelah di cek berlaku sampai dengan November 2018. Hanya sisa 5 bulan lagi, kayaknya barang reject orang lain dikirim ke saya. Kardus ada melengkung ke bawah di bagian atas nya dan ternyata memang ke oven nya rada penyok di bagian atas nya.
Yah semoga aja awet.",-1,-1,0
7,Ini toko engga recomended bgt!!! Oven yg saya terima penyok.. Bukan salah ekspedisi karena kardus ny kokoh dan ok ga ada penyok sama sekali.. Emang barang ny penyok dr seller.. Sayang aja udh mepet libur lebaran.. Klo ga mepet libur lebaran udh minta retur!!! Tolong donk jd seller yg jujur dan profesional!!!! Jgn beli di toko ini deh!!! NOT RECOMENDED!!!,-1,0,0
8,Barang yang dikirim cacat (penyok didinding samping oven).... itu bukan karna kesalahan jasa pengirimnya. Krna kardus dalam keadaan rapi tanpa ada penyok sedikitpun. Kecewa dengan pelayanan toko ini.... ,-1,0,0
9,"Sampe sekarang barang blm saya terima,. Parah",0,0,-1
10,"Barang penyok, minta retur, dikirim lagi masih penyok juga walau mendingan, udah malas retur lagi, harusnya packing kayu. ",-1,-1,0
11,Katanya tingginya 3cm tp pas dtg g smpk 3cm,-1,0,0
12,Yang dikirim bukan motif rainbow tapi motif mario super dan ukurannya bukan king tapi single. Mengecewakan....,-1,0,0
13,"Saya pikir ukuran xl sesuai dan pas di badan,tidak taunya lengannya keciiiiiiiiiiiiiiiil....bngt!!!!!!!!!!",-1,0,0
14,"Produk ternyata rijek, ada noda kuning. 
Di disc krn brng rijek bukan disc histeria",-1,0,0
15,pesanan belum saya terima tolong di pastikan .karena di jnt 02 .plaju .iya itu saya nama kusut .no hp 085927952441.belum menerima pesanan saya .,0,0,-1
16,barang belum sya terima  sudah transfer ini gmana blibli .. ,0,0,-1
17,Lama sekali sampenya.jkt mlg masak 7 hari baru sampe.parah blibli.kecewa.,0,0,-1
18,Snapdragon sy tanya Snapdragon 626 tp sy terima 450 tolong di tukar..,-1,0,0
19,"Gak sesuai, infonya kamera belakang 13 dan 8mp dan digambar juga kamera ganda, tapi yang datang kamera belakang 1 aja. Dilapak garansi 24 bln, tapi di imei hanya 12m. Maaf saya refund aja. Deskripsi gak sesuai produk",-1,0,0
20,"Mengecewakan menerima order dengan cepat, tapi pengiriman lama bahkan hanya dibungkus bubble saja (transparan). Tidak rekomend !! 3 unit repacking semua.",0,-1,-1
21,not recommended seller. pengiriman lama udah gitu jelas2 judul warna abu2 dikirim rosegold. gw cowok masak pake hp warna pink.,-1,0,-1
22,"pesan 2 unit, hanya 1 unit yg diterima. 
di struk toko penjual jg tertulis hanya 1 unit.",0,0,0
23,"Baru ini ada yg mengecewakn pengiriman 8 hari, warna tidak sesuai yg datang warna gold.....",-1,0,-1
24,Pesan grey yg dateng black. Barang REPACK PULA NOT RECOMEND,-1,-1,0
25,"Penjual tidak jujur!!! Barang second dihargai barang baru, kirain bakalan bagus kalo sesama kota eh gak taunya malah parah ",-1,0,0
26,packing rapi sih tp bau2 repack ngepack ulangnya,0,-1,0
27,Hp sudah di buka alias bekas pakai di pucking lagi alias repucking. Ini penjual b4ngsat mata duitan ga jujur ga sesuai diskripsi produk,-1,-1,0
28,Penjual tidak jujur barang repacking di info bukan repacking ,0,-1,0
29,"Cari rejeki buat keluarga yg jujur gan, barang repacking lo bilang packing ori. Saller gak jujur hati2 yg mau beli. ",0,-1,0
30,Aduh kok hp keluaran terbaru udh ada yang repacking aja. SELLER NAKAL tolong ditertibkan dong. Bisa mencoreng nama baik blibli.,-1,-1,0
31,Repack. Hati2 buat yg mau beli. Repack. Repack. Repack. ,0,-1,0
32,"hati hati beli disini. barang repacking. katanya bukan repacking, ternyata REPACKING.",0,-1,0
33,REPACKING. BARANG 7 HARI BARU DIPROSES.  JANGAN BELI DISINI KIRIMNYA LAMA. BELI 2 DATANGNYA BEDA BEDA. ,0,-1,-1
34,"Produk lama sampai,gaada ket ternyata 1 repack,1 normal.kenapa gitu ya kalo blh tau.klo diperbolehkan kita minta pengembalian karnea merasa ga sesuai",0,-1,-1
35,"Tidak sesuai deskripsi,  barang yang saya terima ternyata repacking,  garansi distributor dipacking jadi tam,  saya merasa dibohongi.  Jangan sampai ada yang beli dari toko ini,  tolong g blibli ditutup saja,  ini sama saya membohongi publik",-1,-1,0
36,REPACKING COY. GA DICANTUMIN DI KETERANGAN KALO BARANG REPACK . KECEWA,0,-1,0
37,BARANG REPACK BARANG REPACK BARANG REPACK BARANG REPACK BARANG REPACK BARANG REPACK BARANG REPACK BARANG REPACK BARANG REPACK BARANG REPACK BARANG REPACK BARANG REPACK BARANG REPACK BARANG REPACK BARANG REPACK BARANG REPACK ,0,-1,0
38,Beli mahal2 dapat repacking it nyesek bgt,0,-1,0
39,"Segel tidak orisinal. Repaking. Entah produk dalamnya bagaimana, karena segel saja bukan asli.",0,-1,0
40,"Not recommended. Mengecewakan. Redmi 5A yg sy terima repack. Kelihatan banget plastik wrapingnya tidak rapi. Untungnya buat dipakai sendiri. Sebagai penjual seharusnya Butik Gadgets cek barang dulu sebelum dikirim. Masalahnya sy tidak bisa retur karna pas bebarengan dengan program cashback. Yasudahlah. 
Note: Ini adalah pertama kalinya sy memberi review tidak baik selama 10 tahun belanja online.",0,-1,0
41,"Type hp tidak sesuai bos haduh,
Xiaomi note 5 pro yg dicantum nya
Tapi ko malah xiaomi not 5 doang mana PRO nya bos, sengaja yg note 5 dijual buat beli yg pro eh malah dapet yg note 5 juga, KECEWA bos",-1,0,0
42,"Kamera secondary di lapak tulisnya 20mp, dikotak 13mp..harga lbh mahal",-1,0,0
43,"Tidak sesuai deskripsi,katanya note 5 pro,ini note 5 yg datang,trus warna nya pun di kasih gold bukan yg black,sangat mengecewakan..ğŸ‘ğŸ‘ğŸ‘",-1,0,0
44,"Barang tidak sesuai, mohon para pembeli berhati2, dikarenakan di box tidak ada tulisan bahasa Indonesia, kadang pembeli tidak mengetahui, jadi disangkanya barang yang dikirim bener, untuk redmi note5 pro itu camera depan 20mp, yang dikirim 13mp",-1,0,0
45,Saya mau retur tidak sesuai yg saya pesan. Saya pesan redmi note 5 pro bukan note 5.,-1,0,0
46,"Mengecewakan.. katanya di deskripsi camera depan 20mp dan yg seri pro.
Ternyata yang datang 12mp dan bukan pro.
Not recommended",-1,0,0
47,Pesan note 5 pro tapi terima note 5?,-1,0,0
48,Seller blibli sekarang makin banyak yang curang. BARANG REPACKING.,0,-1,0
49,"pengiriman sangat lama sekali, di track dan telp ke etobee ternyata barang belum dikirim, seller not recommended",0,0,-1
50,"sdh diterima, pengiriman sangat sangat lama, tracking resi ternyata fidak bisa",0,0,-1
51,Ini barang sudah repacking. Segel plastiknya tidak halus. Saya minta tukar dengan yang benar2 baru. Tolong jangan bodohi pembeli.,0,-1,0
52,parah...segel plastik rusak.... udh ke buka...di segel plastik ulang n berantakan plastiknya...bnr2 kecewa,0,-1,0
53,"Barang hp tidak dipacking dengan baik, tanpa bublewrap, pasti di ekpedisi dilempar lempar paketnya",0,-1,0
54,sedih banget yang di kirim repacking semua,0,-1,0
55,"Pengiriman lama banget, dan no resi yg tercantum tidak sesuai dengan kenyataan, karena waktu di telfon ke pihak etobee, dinyatakan barangnya belum diterima utk dikirim, jd dr awal pemesanan status nya siap dikirim terus dan diterima lewat dari batas pengiriman yg seharusnya, SUPERMURAHHP MERCHANT YG SAMA SEKALI TDK RECOMMENDED ",0,0,-1
56,Parah.. Repacking.. Dalemnya udah ada aplikasi gk jelas plus launcher gk jelas.. Beli disini serasa beli garansi distributor ky bukan resmi.. ,-1,-1,0
57,"wrapping ulang, begitu dibuka dan dinyalakan tidak melakukan setting lagi, kalau baru beneran kan harusnya setting miui dll dulu",-1,-1,0
58,"Kecewa pengirimannya salah terus barang blm nyampe status sudah di terima nama orang lain 
Tolong perbaiki lagi untuk logistiknya",0,0,-1
59,"Beli gray 2 tp yg dikirim gray 1 gold 1
Smuanya repack",-1,-1,0
60,Awas barang yang dijual seller adalah repack,0,-1,0
0,"Brang sesuai pesanan pengiriman cepat, cuma pihak jnenya saja y lama. ",1,0,1
1,Barang sesuai description... Pengiriman cepat... Smoga awet,1,0,1
2,"Thanks, barang sudah sampai ditujuan dan sesuai",1,0,0
3,"Keren ne toko & jasa pengiriman nya
Seusai estimasi waktu....
Di box kayu, bukanya aja penuh perjuangan...
Barang ORI dan kualitas....
Puasssss",0,0,1
4,"Prodak sesuai , baru di coba semoga tidak ada kendala .. Thank you ",1,0,0
5,Warnanya cantik. Ada free soft case nya jg dlm dus,1,1,0
6,pengiriman cepatt......brg sesuai pesanan....blm dicoba semoga brg bgs dan gak ada msl ..,1,0,1
7,"Produk sudah di terima dgn baik, kualitas Mantap",1,0,0
8,Produck bagus kemasan ok banget sampai dipaking kayu,1,1,0
9,Sudah sampai di kalimantan dg selamat. So happy with the quality!,1,0,0
10,Awalnya deg2an n sempat ragu.. Cm setelah barang di cek dan digunakan smpai skrg oke n ori ada kartu garansi imei trdftr .. ada nota pembelian ddlm... Tambah review spy mkin bnyk yg prcaya.... ,1,0,0
11,Response sangat cepat dengan pengiriman juga cepat. Packaging rapi. Barang ori dgn harga bersaing,1,1,1
12,"Barang berfung dengan baik, sesuai iklan speknya. pengiriman cepat sampai.",1,0,1
13,Barang original dan harga lebih murah daripada beli di toko,1,0,0
14,Barang sesuai dengan pesanan. Keren dan cepat dalam pengirimannya,1,0,1
15,"Pengiriman cepat, barang sesuai deskripsi. Terima kasih",1,0,1
16,"Awalnya ragu karna harga lebih murah dr pasaran, tp rating penjual bagus dan review bagus. Ternyata barangnya bagus dan ori ada kartu garansi lengkap plus soft case transparan dalam dus. Thanks",1,1,0
17,Suka belanja di sini... 1 hari sampe.. mantap dah,0,0,1
18,"Barang sdh diterima dgn baik, pengiriman jg cepat terima kasih blibli",0,0,1
19,"Pengiriman sangat cepat, meski tujuan akhir di daerah pelosok hutan luar jawa. Dan produk sesuai iklan. N waktu datang dan sampai d gunakan adalah sip....",1,0,1
20,"Pengiriman cepat, pack rapi, barang ok , tq ya blibli , recomended seller nich harga juga cincayy",1,1,1
21,"Barang ori, garansi resmi..
Harga murah, selisih 250ribu dgn harga toko offline",1,0,0
22,Puas beli lewat seller ini...estimasi pengiriman 2-5 hari..tapi realisasi nya 1hr saya sudah terima paketnya,0,0,1
23,"barang sudah terima dan berfungsi dengan baik, kiriman super cepat...makasih",1,0,1
24,Barang cepat sampai sesuai deskripsi. Belum di tes pakai barangnya jadi belum bisa komen lanjut,1,0,0
25,"pengiriman sangat cepat nunggu barangnya cuma 2 hari aja, produk berfungsi normal",1,0,1
26,Packing rapi sayang cuma pake bubble mofa aja awet,0,1,0
27,Respon merchant yg sgtt cepat.. Dan harganya pun lebih murah  dibandung yg lain. Sampai beli 3x di sini.. Tq blibli dan merchant,0,1,0
28,"Pakai gosend pesan siang, sore udh sampe
Pengiriman nya cepat, hp nya sesuai sm deskripsi tp untuk packing nya msh blm padat
Over all good lah
Thx blibli & gosend ",1,0,1
29,Sudah diterima...packing aman dan rapi...mudah2an tidak ada masalah dan awet...thanks blibli,0,1,0
30,Bagus banget.. elegant. Tapi sayang kurang handsfree nya ga ada dalam box.,-1,0,0
31,Good produck dan pengirimannya cepat ğŸ‘ Tq merchant dan blibli,1,0,1
32,"Berfungsi dan diterima dengan baik, pengiriman juga cepat. Terima kasih",1,0,1
33,"Recommended banget beli barang di blibli, pertahankan kecepatan delivery barang dan kemudahan pilihan pembayaran.... 

Utk pilihan klikbca kalau bisa batas waktunya diperpanjang... Jadi 12 jam at least ",0,0,1
34,barang cepet banget sampeny n rapi... lom di test hp ny semoga gak ada keluhan,0,0,1
35,"Barang berfung dengan baik, sesuai iklan speknya. pengiriman cepat sampai",1,0,1
36,"Barang diterima dengan baik, packing ok dan cepat pengiriman",0,1,1
37,Barang diterima dengan baik dan respon seller cepat.. Tks blibli ,0,0,0
38,Barang dipacking sangat aman. Pengiriman cepat sekali. Terimakasih Blibli,0,0,1
39,"Pengiriman cepat. Dos packing sebaiknya diganjal spy tdk longgar
",0,-1,1
40,"Pengiriman baik dan sangat cepat, kondisi produk baik. hanya saran saja untuk kemasan agar di buat lebih aman lagi. thanks",1,-1,1
41,"pengiriman dan kemasan sangat baik, tapi deskripsi produk tolong di perbaiki karena kelengkapan paket ditulis dapat handsfree tapi begitu saya unboxing tidak ada handsfree",-1,1,1
42,"packing sangat aman, kualitas produk sangat baik",1,1,0
43,"Pengiriman cepat , packing rapi, semoga barangx awet..kecewa headset tdk ada di dalam dos",-1,1,1
44,Barang dah datang.  Kok ga ada head setnya? Apa produk ini ga ada head set kah Min? ,-1,0,0
45,"pingiriman sangat cepat, mantap dah,, maju terus buat tokonya.",0,0,1
46,"Pengiriman cepat sesuai jadwal, packing mantap walaupun dikirim pakai gojek tetap dibubble tebal.. recommended seller.. thanks",0,1,1
47,produk sesuai pesanan barang cepat sekali sampainya gak ada cacat kemasan rapih.. mantapp ,1,1,1
48,Barang sudah diterima dengan baik.. semoga awet. Mantap pelayanannya,0,0,0
49,"Pengiriman cepat banget.
Produk segel. Dan warna sesuai pesanan.
Alhamdulillah.
Thanks",1,1,1
50,Produk bagus. Packaging jg bagus. Pengiriman biasa ajah. ,1,1,0
51,"pengiriman cepat dan produk sesuai dengan deskripsi,goodjobs",1,0,1
52,"Barang bagus new masih segel,juos saya pesan ungu dikasih ungu",1,0,0
53,Sangat puas lay produk masih segel pengiriman cepat,0,1,1
0,"order barang ini menggunakan RPX priority agar lebih cepat sampai, tapi setelah 3 hari belum ada no resi pengirimannya. Tetapi order item lainnya menggunakan JNE std lebih dahulu dikirim dan muncul no resi nya. Mudah-mudahan kualitas barangnya tidak mngecewakan, krn sampai skr masih blum diterima.",0,0,-1
1,Snapdragon sy tanya Snapdragon 626 tp sy terima 450 tolong di tukar..,-1,0,0
2,Lama sekali sampenya.jkt mlg masak 7 hari baru sampe.parah blibli.kecewa.,0,0,-1
3,Produk sudah diterima..  Handphonenya bagus tapi headset tidak ada pada box... ,-1,0,0
4,"Pengiriman lambat, dri tgl 9, thl 16 baru nyampe, ampun dah",0,0,-1
5,"Isi dalam paket tidak sesuai. Tidak ada kartu garansi!
Sudah dihubungi customer service dan dikatakan invoice menjadi pengganti kartu garansi.",-1,0,0
6,"Saya kecewa, karena saya pesan warna GOLD tapi dikirim nya warna BLACK tanpa konfirmasi lebih dulu.",-1,0,0
7,"Dus Penyok kayaknya bukan karena pengiriman, tetapi dari penjualnya dikasih dusnya penyok, parah Excellent cell,ga bakal beli disii lagi.",0,-1,0
8,"Pengiraman lama
Kartu garansi tidak ada
Bon pbelian tdk ada",0,-1,-1
9,"Redmi note 5 red 4/64, Proses untuk masuk ke shipment terhitung lama, packing pengiriman baik,tapi setelah datang barang yang saya terima berkemasan repacking ,bagaimana ini? ",0,-1,-1
10,Barang yang datang bukan garansi resmi nyesel beli disini,-1,0,0
11,"Barang yang datang bukan garansi resmi nyesel beli disini, segel rusak",-1,-1,0
12,"Barang dikatakan garansi resmi, tap, bukan garansi resmi ",-1,0,0
13,saya pesan 2 tapi yg dikirim 1. gimana bos?,-1,0,0
14,"Pesanan nyasar gak tau ke siapa, sama sekali belum diterima, sudah lapor ke blibli dan masih d proses katanya",0,0,-1
15,Di sini tertulis internasional. Harusnya dlm bahasa inggris kan?  Barang datang saya buka. Semua dlm bahasa china. Kartu petunjuk dll jg dlm bahasa china. Saya bisa kontak ke mana ini kalo mau hubungi penjual????,-1,0,0
16,"barang sampai dalam keadaan baterai mi band 2 kosong, dan kabel charge tidak berfungsi, model sensor belakang berbeda dengan punya saudara saya yang sama2 mi band 2 (apakah ini barang original?) tolong penjelasannya blibli",-1,0,0
17,"Pertama pakai berjalan baik dan normal, tetapi saat ini terhitung dari 29 maret 2018 smartband saya Mati Total tidak bisa digunakan sama sekali, sudah dicharge juga tidak hidup, Padahal belum ada sebulan dari saya terima barang langsung tanggal 12 maret 2018. Kecewa tapi mau gimana lagi sudah Mati Total dan garansi toko cuman 15 hari.",-1,0,0
18,Kiriman nya lama lebih dari 1 minggi,0,0,-1
19,"Barangnya sudah terbuka segel plastiknya. Dusnya putih, tidak coklat.",0,-1,0
20,"Barang yang datang bukan Garansi TAM !! Padahal judulnya Garansi TAM , Gak ada sticker TAM di packaging.",-1,-1,0
21,"Judul product nya Garansi TAM, tapi yg saya terima tidak ada Garansi TAM",-1,0,0
22,"Udah beli mahal mahal ternyata ada flash salenya yg garansi tam juga harga 200rban,pengiriman LAMA.pas nyampe TIDAK ADA STIKER TAM nya.ga yakin itu garansi tam bukan.",-1,0,-1
23,Paket blm diterima kog bisa terkirim? ??,0,0,-1
24,Judul Garansi Resmi Tam tapi yang dikirim garansi apa ini malah distributor ,-1,0,0
25,"Bagian metal pada stand tidak presisi pembuatannya (terlalu tebal / terlalu besar), sehingga tidak bisa fit in ke body monitor. ",-1,0,0
26,Barang belum terima tetapi tertulis dlm tracking barang 'barang sdh terkirim'. Tidak jelas sistem nya dlm proses jual beli...berhati-hati utk bertransaksi utk lainnya.,0,0,-1
27,"Mengecewakan...

""Order Pesanan tanggal 04 Aug 2018 dan dikirim dengan jasa pengiriman FIR. setelah dicek tanggal 9 Agustus pesanan masin dalam proses.. di cek kembali tanggal 10 tau-tau status pesanan sudah berubah menjadi terkirim dan buruknya lagi mengatas namakan pembeli yang menerima pesanan. padahal pada tanggal tersebut saya tidak kemana2 dan seharian berada di rumah, tidak ada pihak kurir pengiriman satu pun yang datang. trus yang terima barang siapa ????.. moga2 investigasi dari BLIBLI cepat.. dan barang datang, harga barang sih ga seberapa cuma kepercayaan pelanggan aja...",0,0,-1
28,Produk ini entah asli atau tidak. Saya belanja 2 unit dan 2-2nya corrupt ketika saya mau copy data ke dalam. Sayang ya Tidak langsung saya pakai ketika sampai. ,-1,0,0
29,"terima sms jam 21.07 menyatakan barang telah diterima, tp saya belum terima baranqnya dan atas nama penerima tidak saya kenali, langsung tlp cust service untuk di bantu cek dengan nomer laporan 438133032. tolong bisa di bantu follow up..",0,0,-1
30,barang yg dikirim usb 2.0 di iklan usb 3.0,-1,0,0
31,"Kalau di pakai koq overheat ya,  mungkin juga karena barang obral",-1,0,0
32,"Barang yg di kirim salah.. ğŸ‘
Tapi pihak blibli cukup tanggap dlm proses return.. ğŸ‘ 
Saat ini barang pengganti sedang dlm pengiriman, semoga tidak akan salah lagi..",-1,0,0
33,Gmn caranya complaint ya? Barang yg dtg tdk sesuai dgn deskripsi dan gambar,-1,0,0
0,"produk bekerja dengan baik,tapi material kabelnya mencemaskan.saya jadi ga yakin ini barang asli",-1,0,0
1,packing mengecewakan tanpa diberi pengaman..hanya kardus biasa ,0,-1,0
2,Bahaya yaa nggak ada kartu garansi nya ğŸ‘,-1,0,0
3,"Beli note 9 , redeem vocher di samsung gift harusnya dapet 1 jt kalau unit baru, tp ternyata gagal krn sudah terdaftar atas nama orang lain, imei atas nama orang lain. Jadi saya kembalikan sesuai saran cs. ",-1,0,0
4,"WD Sudah sampai ke saya, hanya saja tidak ada keterangan garansi WD, padahal setau saya WD ada garansi 3 Th, dan saya pikir produknya bercasing alumunium aloy tetapi casingnya hanya plastik.",-1,0,0
5,"Order 2 unit, untuk seller sekelas erafone mengecewakan. 1 unit dikirim produk repackingan",0,-1,0
6,"barang baik, berfungsi dengan baik, namun segelnya rusak",1,-1,0
7,"ditulisnya garansi resmi, tapi yg dikirim bukan yg garansi tam
tapi barang yg chinese version",-1,0,0
8,Kok udah upgrade firmware dan fairing ttp aja bahasa China bkn bahasa Indonesia atau bahasa inggris,-1,0,0
9,"Barang tidak di segel, sudah terbuka, tadinya buat kado tapi plastik terbuka ga jadi deh,baru kali ini beli di blibli dapet yang bnob bukan bnib",0,-1,0
10,"Packing rapi, barang berfungsi sesuai deskripsi. Tetapi pengiriman lama",1,1,-1
11,Barang tidak sesuai deskripsi karena tertulis garansi TAM tetapi yang diterima tidak ada garansi TAM sama sekali,-1,0,0
12,"Daya tahan bateri sangat kurang, hanya tahan setengah hari
",-1,0,0
13,"Packaging rapi, namun pengisian batere lama dan sulit. Terkadang berhasil di charge, terkadang tidak.",-1,0,0
14,"No seri airpod berbeda dengan kotak.
Cek di coverage apple, utk seri di kotak terdaftar sedangkan seri di AirPod tidak valid.
Tp barang dengan kondisi segel.",-1,0,0
15,"Halo.. saya menerima paket ini tanpa ada item wireless charging support (sebagai penyangga) pada box,
Pengajuan pengembalian barang tidak dapat sy lakukan karena selalu error pada saat upload foto..",-1,0,0
0,"Saya tidak suka pengirimanya terlalu lama dari prepared product sampai pengirimanya totaly 5hari dari pesanan barang,,
Untuk yang lain over all masih bagus",0,0,-1
1,Warnanya agak tosca bukan bener2 putih. Ada cacat produksi kayanya. Krn dibagian busanya mengelupas :(,-1,0,0
2,saya pesan 80cm tapi yang dikirim malah 30cm,-1,0,0
3,Kualitas barang sangat baik. Sayang expedition vendor nya sangat mengecewakan. Barang hampir 2 minggu baru sampe. Padahal masih di jabodetabek.,1,0,-1
4,"brg sdh sampai dan sudah dicoba,,semoga awett",0,0,0
5,Kualitas blm berani koment krn blm tau kedepannya bagus or tdk,0,0,0
6,Kurang memuaskan proses terlalu lama membutuhkan waktu 3 hari.beda sama saya belanja sebelumnya 1 hari udah statusnya d kirim,0,0,-1
7,Agak kecewa sih soalnya beli vivo kok ringnya  oppo ,-1,0,0
8,Respon penjualnya agak lama. Untuk produk diterima dengan baik.,0,0,0
9,Barang cpt smp tp tmn ngeluh ga dpt headsetny n stiker kardusny spt sdh dibuka gitu....,-1,0,0
10,Dikirim ke medan produk diterima dengan kondisi baik,0,0,0
11,"PENGIRIMAN SUPER CEPAT, BARANG BERFUNGSI NORMAL, THX BLIBLI",1,0,1
12,"Produknya bagus. Tapi Pengiriman sangat lama dan packing rapi. Sehingga barang aman sampai di tujuan.
",1,1,-1
13,"berfungsi dengan baik, namun sewaktu digunakan agak panas, entah kenapa, semoga tidak ada fault....baru pertama pake toshiba, biasanya klo wd ato seagate gak gini",1,0,0
14,"pesan 2 buah, pengiriman dilapisi kardus tanpa buble wrap. satu barang saya terima dengan kondisi kemasan rusak/penyok",-1,-1,0
15,"Kualitas sennheiser sih jangan diragukan lagi, cuma pengirimannya aja yg lama.",1,0,-1
16,"Ori tam, no repack cuma packing dus kecil dan koran tanpa bubble, recomeded buat satu kota aja kalau diluar kota JANGAN beli disini penyokk gan ",1,-1,0
17,Pengiriman cepat tapi sayang pas di cek untuk buka sim cardnya tidak ada,-1,0,1
18,barang bagus. tapi packing kurang. tidak dipakaikan bublewrap. hanya kotak dan plastik didlm.,1,-1,0
19,"Seller koplak . Ngirim hp tanpa bubble warp .. cuma kardus...
Mengerikan kalo hpnya rusak",0,-1,0
20,"blom sempat dicoba , moga2 gak ada masalah",0,0,0
21,"Produknya bagus,cm segel nya terbuka saat terima ,jasa pengirimannya lama",1,-1,-1
22,"Barang bagus tapi kenapa saya dapatnya yang matte black padahal saya pesan yang matte black, cukup kecewa",-1,0,0
23,"Barang sampai lebih cepat dari perkiraan, masih dicoba. Jadi belum bisa kasih bintang banyak",0,0,1
24,"barang ok,
ongkir ok,
kurir ga ok, masa di minta 5rb di rmh?
mau nipu?",1,0,-1
25,"Secara fungsi tidak ada masalah,
Hanya display saja yg mati. 
Tapi saya yakin kalo belinya di Blibli produk yg bermasalah mudah untuk ditukar dengan yg baru. ",-1,0,0
26,Kenapa kok layarnya tidak seterang mi band yang lainnya,-1,0,0
27,Pengirimannya cepat dan barangnya juga bagus. Tp ini garansinya berupa kartu atau apa ya? Karena di boxnya cuma ada manual aja.,1,0,1
28,barang baru sayang segel di box telah dibuka oleh penjual,0,-1,0
29,"Respon cepat, barang ori sayang packing kurang tebal....cm pake bubble wrap 1 lapis n bungkus kertas...jd kotak ada yg penyok.
Untung mi band 3 gapapa...setelah full charge, langsung konek ke mi fit... langsung update firmware otomatis...trus jadi deh mi fit bhs Inggris....ğŸ˜ğŸ˜ğŸ˜ğŸ‘ğŸ‘
Thx Blibli.",1,-1,0
30,"sudah sampai, packing aman diberi bulb.
mi band dalam kondisi mati, baterai habis
butuh waktu setengah hari buat ngecas spy mi band ngerespon dan hidup.
mudahan awet",-1,1,0
31,Pengiriman lamaa.. seperti ya kesalahan Kurirnya. Barang sih oke.,1,0,-1
32,"Barang sesuai pesenan, nyampek sesuai estimasi & cepet. ğŸ˜…",1,0,1
33,pembelian ke 3...brg bagus tp kemarin saya dpt yg baterainya drop...dlm proses retur..semoga yg lainnya dpt bagus2 ya...,-1,0,0
34,"packing nggak aman, cuma ditambah plastik biasa doang.",0,-1,0
35,"Sudah saya pakai selama 2 bln dan barang masih bagus. 
Saya beli pas harga lumayan murah hampir sama saat akan beli di pameran. 
Pengantaran pakai go-send harusnya bisa diterima di hari yg sama saat order (1 day service) namun baru sampai saya terima dalam 2 hari. 
Kartu garansi juga tidak ada.",1,0,-1
36,"Barang sesuai tapi packingnya kurang, hanya memakai dus saja tanpa bubble wrap dan barang yang saya terima terdapat beberapa death pixel. Untung saja bisa langsung di garansikan.",-1,-1,0
37,"tadinya sempet takut kenapa kenapa karena tidak di packing kayu . Tpi alhamdulilah selamat sampai tujuan dan aman 
Terima kasih",0,-1,0
38,Barang sudah sampe tp tidak lengkap tidak ada remote,-1,0,0
39,butuh 4 5 hari untuk menyiapkan barang dikirim.,0,0,-1
40,"Pengiriman lama bgt, pesan tgl 20 mlm, tgl 21 itu libur.. ok la, tgl 22, 23 hrusnya bs di proses. Tp tgl 24 bru input resi, ffs. Tpi plg ga brg ok ga masalah, pake hdmi ttp bs FS tnp bios bugs",1,0,-1
41,"Barang sebenernya dikirimkan dengan baik dan berfungsi, namun data yang tertulis pada deskripsi salah banget. Pada laman deskripsi tertulis USB 3.0 padahal ternyata yang dikirimkan adalah USB 2.0. Jadi dikecewakan di bagian itu...",-1,0,0
42,Sempat gak bisa dikenal. Tapi bisa dikenal saat di kompi lain. ,-1,0,0
43,"Di nama produk tertulis USB 3.0, di fitur produk tertulis 2.0. Yang benar 2.0 Bukan 3.0. Harusnya bisa 5 bintang, tapi jadi 3 bintang aja deh.",-1,0,0
44,"pengiriman cukup lama,
barang sesuai pesanan. thanks..",1,0,-1
0,"Keren dah JBL, Recomended..Thx blibli.com pesan kemarin hari ini sudah terima barangnya... Mantap",1,0,1
1,"Pertama belanja di blibli...overall ok
..packing bagus...pengiriman cepat...sebagai tester it's ok.",0,1,1
2,mantap barang sampai dengan selamat. packingnya oke.,0,1,0
3,"Baru kemarin order, besok malamnya udah nyampe plus packagingnya rapi",0,1,1
4,"Barang sampai dengan selamat, packing rapih dan aman, untuk kualitas tidak diragukan karna asli dari jbl",1,1,0
5,Bagus banget dapet bag kecil dan sehari sampai,1,0,1
6,Barang original kualitas Bose. recomendeed buat runner,1,0,0
7,"Nyaman dipakai, kualitas suara bagus, 10/10, terimakasih :)",1,0,0
8,Suara bass mantap....kualitas ok. Hanya suara vocal kebanting dengan bassnya,1,0,0
9,sekali lagi... blibli jos... apalagi pengiriman dalkot nya... cepet,0,0,1
10,"Pengiriman ternyata cuma 1 malam aja , barang pun berfungsi baik dan normal 
",1,0,1
11,Brg bgus asli dan sesuai deskripsi. Thanks blibli dan anker indonesia. Dtggu promo berikutnya smoga hrganya makin terjangkau,1,0,0
12,"Produk sangat memuaskan dan tidak mengecewakan, sesuai dengan reputasi brand anker",1,0,0
13,"Bagus.... Dgn charger 2a arus output bisa sampai 1,9xx ampere.",1,0,0
14,"produk original, pengiriman cepat, very recommended seller !!",1,0,1
15,bener2 zakti....cepet buat charge oke banget pokoknya sukaaaa,1,0,0
16,Produk kuat sesuai deskripsi harga sangat terjangkau.,1,0,0
17,Packing rapi pengiriman cepat produk sangat memuaskan,0,1,1
18,"Kualitas barang memuaskan sesuai spesifikasi.
Selalu puas belanja di blibli",1,0,0
19,Kabel chargernya bagus. cash hp pake kabel ini lebih cepat daripada pakai charger bawaan hp :),1,0,0
20,Barang sesuai dengan pesanan dan pengirimannya sangat cepat. Thanks Blibli =),1,0,1
21,"Pengiriman sangat cepat, no damage, barang original and warranty TAM, berfungsi dengan baik, dpt cashback 100%",1,0,0
22,Kualitas oke pengriman oke blibli.com mantaap YESSS,1,0,1
23,Thanks... Hp nya tiba dengan selamat...â˜º packingannya rapi dan aman.. Semoga awet.,0,1,0
24,Trimksh hp sdh dtg dngn slmat walaupun lambat tpi brg sesuai dan memuaskn,1,0,-1
25,"Walaupun telat dan nyasar duluan, tp barangnya original. Moga2 dapat diperbaiki pengirimannya",1,0,-1
26,"barangnya bagus, puas pakenya, baterai tahan lama... recommended",1,0,0
27,"lebih murah beli di sini,packing bagus dan aman,masih bersegel semoga awet ",1,1,0
28,"Pengiriman baik, packing ok, sesuai deskripsi mantap",1,1,1
29,"ini adalah pesanan perdana saya dengan blibli.com, dan akan ada pesanan lainnya yang akan saya lakukan dengan layanan yang baik seperti ini.",0,0,0
30,Walsupun pengiriman nya jauh tetap cepet dan free ongkir,0,0,1
31,Luar biasa pesan pagi besok siang Dateng... Top,0,0,1
32,Sudah di terima dengan baik dan benar makasih ya,0,0,0
33,"Vivo y71 sampai dengan selamat.packing nya joss gandos.pengirimannya rumayan cepat...ok
Tks blibli",0,1,1
34,"Pengiriman cukup cepat, kemasannya sayang tidak di bubble wrap. Tapi overall semua baik dan sesuai ekspektasi. Thankyou blibli",1,-1,1
35,"Ternyata kelihatan kecil yah layarnya, tapi tampilan oke",1,0,0
36,"Wow barang cepat sampai cuma 2 hari, packingnya oke barang oke, puas belanja di Blibli
Trima kasih",1,1,1
37,"One day services ğŸ‘ğŸ‘

Packing bagus...pengiriman cepat...produk sesuai deskripsi dan nyaman untuk digunakan...
Sesuai dengan apa yang ditawarkan... 
",1,1,1
38,Barang oke. Tapi pengiriman Lama Lama lamasekali,1,0,-1
39,"barang datang sesuai pesanan , semoga awet",1,0,0
40,Barang sdh diterima dlm kondisi sempurna. Tq Blibli,1,0,0
41,"Pengemasannya mantap, aman. Bonus include semua...puas. srmoga awet",1,1,0
42,HDD berfungsi baik dan cepat banget sampainya.,1,0,0
43,"Bagus,cpt sampai,ori made in thailand.hdd terbaca cm 1,81tb..",1,0,1
44,Barang cepat sampainya... Dan diterima dengan baik.. ,0,0,1
45,Pengiriman produk sangat cepat. Bayar tadi pagi siang ini sudah sampai. Banyak diskon menarik.,0,0,1
46,Harga Murah dan produk ok...pakai voucher lebih murah lagi... :D,1,0,0
47,Packing rapi banget dan pengiriman sangat cepat.,0,1,1
48,Barang ok. Udah nyoba copy data cepet bgt jg. Semoga aweeet aweeetğŸ™. Thanks,1,0,0
49,"Hardisk Seagate yg bagus, dan cepat sekali pengiriman nya.",1,0,1
50,Barang OK .. Sipp DEH Pokok nya !!!,1,0,0
51,"Barang sampe hitungan jam, kelengkapan bentuk eartips dan foam, dikasih juga alat untuk gulung kabelnya. Harga murah untuk tipe over-ear

Bassnya gede, sedikit boomy, tapi cukup tight. Kalo dipakai untuk lagu kencang bassnya gak meleber.
Vocalnya di tengah, kadang ketutup instrumen.
Highnya kurang crisp.

Definitely Worth it dengan harga promo ini",1,0,1
52,Packing bagus...barang msh segel... stlh di coba suara sip..mantapp... thx blibli.com,1,1,1
53,produk yang disediakan dan dikirim oleh Blibli memang berkualitas ... packing rapi dan aman ... pesan kamis jumat sampai ... baru mengulas karena baru ambil barang dari kantor ... suaranya ajiiiib,1,1,1
54,Kualitas sangat baik harga ok untuk merek yang sudah dikenal,1,0,0
55,"Pengiriman lebih lama dari ekspektasi saya. kualitas barang terjamin, packnya rapi. tapi harga kalau beli di blibli kurang bersaing dengan yang lainnya",1,1,-1
56,Sering-sering dong Blibli bikin promo kayak gini ya ditunggu yang lainnya! Pokonya asal murah deh ya!,0,0,0
57,"Packing rapi , barang bagus, dan pengiriman cepat. thanks blibli",1,1,1
58,Lagi-lagi dibuat kagum produk earphone dari blibli produk seuprit packagingnya safety banget dan kardusan lagi... produk garansi 2 tahun dengan harga 70an hahaa mantaaaps,0,1,0
59,"Kemarin siang order, keesokan pagi dah sampe, keren, suara jernih, beli utk kedua kalinya, jbl top",1,0,1
60,"Barang bagus, suara mantap, dan ada garansinya. Puas banget, terima kasih.",1,0,0
61,Kualitas barang bagus seperti layaknya JBL. tetapi agak lambat dalam pengiriman.,1,0,-1
62,"Barang original, berfungsi sangat baik. Clarity nya cukup bagus untuk  harga segini",1,0,0
63,Terima kasih banyak Blibli pengiriman cepat respon seller baik dan pengemasan baik,0,1,1
64,Mantap mantul barang sangat bagus kualitas maknyuusss,1,0,0
65,respond pengiriman cepat dan barang ori pastinya,1,0,1
66,"Pengiriman cepat, packing baik dan aman. Thanks erafone dan Blibli",0,1,1
67,Pengiriman lama tiba dikirim oleh blibli tapi melewati estimasi penerimaan produk.,0,0,-1
68,Sudah diterima dgn baik. Semoga awet. Terimakasih,0,0,0
69,"- Barang dipesan hari Minggu, diterima hari Jumat.
- Paket dikemas cukup rapi & rapat.
- Barang berfungsi  dengan normal",1,1,-1
70,"mantap bgt hapenya...garansi resmi lagi, thx blibli",1,0,0
71,"Produk belum dibuka karena beliin orang lain, yang jelas pengirimannya cepat",0,0,1
72,Mantaap order dan dikirim dihari yg sama.. handphone juga masih SEGEL..harga juga discount menggunakan voucher blibli.sangat mantaap blibli deh...recommended deh,1,0,1
73,"Masih segel, packing rapih, barang ORI, barang berfungsi dengan baik",1,1,0
74,"Barang sampai dengan kondisi yang baik. Produk di sealed dan di wrap dengan bubble. Pengiriman menggunakan gosend, tiba keesokan hari",1,1,1
75,"Produk ok da murah. Minggu lalu tanya di xiao mi nya blm ada sedangkan di toko rata rata harganya jauh diatas blibli.com
",0,0,0
76,Pengiriman sangat buruk lama banget...ke bekasi saja nyampe 3 hari.kalau tetangga aja bisa blnja skrang besok udah nyampe..,0,0,-1
77,"Sudah pembelian ke 4x nya ini, temen-temen pada nitip semuanya.

barang okey, sesuai dengan yang sebelumnya, cuman ga ada bonus anti gores nya, overall sih okey dah",1,0,0
78,"Pesan jum'at besoknya dah sampai, garansi TAM  matap jiwa",1,0,1
79,"Barang udah sampe , packing rapih..barangnya original.tq",1,1,0
80,"Jam bekerja dgn sangat baik sampai sekarang, packaging rapi. Dan sudah coba semua fiturnya berjalan dgn baik.",1,1,0
81,"Mantap banget, pengiriman cepat, barang sesuai dengan gambar dan deskripsi yang ada. Hanya pada saat pengiriman, barang tidak dilindungi oleh bubble wrap, sempat khawatir rusak dll. Tapi bisa berjalan dengan baik. Thanks. â˜º",1,-1,1
82,"kualitas airpods sangat sangat bagus, pengguna apple harus punya",1,0,0
83,"Produk berfungsi dengan sangat baik, cuma pengiriman agak ,terlambat di first logistic nya seperti nya",1,0,-1
84,"Packing rapi,  barang original dan berfungsi dengan baik.  Semoga awet.  Thanks BliBli

",1,1,0
85,"pengiriman cepat dan sesuai ekspektasi, thanks blibli",0,0,1
86,"Anker salah satu kabel untuk gadget Anda yg tidak perlu diragukan kualitasnya, jika Anda mencari kabel yg awet, merk ini salah satu yg direkomendasikan. ",1,0,0
87,Good. Pengiriman cepat. Pesan pagi datang sore,0,0,1
88,"Barangnya bagus, packing pengiriman hanya memakai bubble wrap tapi aman sih isinya.",1,1,0
89,Pengiriman super cepat. Barang sesuai deskripsi. Harga terbaik. Terima kasih,1,0,1
90,"Terima kasih Blibli untuk menggratiskan ongkir hehhe.. apalagi kalau nyampe nya cepat , Mantap dah,  .............",0,0,1
91,"Packing kayu, barang datang dengan baik. Tp blm dibuka, pengiriman 4 hari sampai.",0,1,0
92,Barang berfungsi dengan baik walaupun pengiriman sangat lama biasanya maksimal 3 hari. Terimakasih,1,0,-1
93,barang sudah diterima dan pengirimannya super cepat.dan.moga awet,0,0,1
94,"fast delivery, biasa langsung belanja ke toko KCC nya langsung, thanks",0,0,1
95,"monitornya bagus, pengiriman agak lambat karena bukan dari jakarta.",1,0,-1
96,Monitor LG Produknya datang dengan cepat hari ini pesan besok Datang. Terima kasih Blibli,0,0,1
97,"Barang sudah tiba, kemasan bagus , pengiriman cepat.. ",0,1,1
98,"barang sudah diterima dengan baik, mantap blibli!",0,0,0
99,"Gilaaaa kamu bli....,, pesenanku cm sehari doang sampe ke tangan ku,,, cepettt,, barang nya baguuus ",1,0,1
100,"Barang ori, pelayanan cepat. Over all memuaskan.",1,0,1
101,"barang sudah diterima dan berfungsi dengan baik

Thx",1,0,0
102,"Flashdisknya belom dicoba,  semoga kualitas oke krn untuk aspek lain sdh juara semua.
Pengiriman super cepet, so far yg plg cepat slm belanja di blibli. 
Thanks ğŸ™",0,0,1
103,"Barang sudah diterima, pengiriman cepat. Semoga kualitasnya memuaskan",0,0,1
104,"barang bagus, dikemas dengan baik, pengiriman sagat cepat. terimakasih",1,1,1
105,barang berfungsi dengan baik dan tidak ada cacat,1,0,0
106,"Packing rapi, barang baguus, mudah2an awet. Terima kasih",1,1,0
0,Kok belum ada barangnya padahal katanya tanggal 9 malah nggak di anterin,0,0,-1
1,Sudah sampai tp tidak berfungsi dengan baik. Return,-1,0,0
2,"Status tertulis akan dipick up expedisi Sicepat dari toko, sampai 2 hari gak ada progress sehingga barang diterima lama. Not Recommended.",0,0,-1
3,Speaker yg saya terima malah simbadda cst 330n,-1,0,0
4,Produk speaker ada yang tidak bunyi sebelah,-1,0,0
5,pesen hitam tapi datang gold... tidak ada konfirmasi jika hitam tidak ada. kecewa.,-1,0,0
6,"Barang datang sudah rusak, tidak plug and play remote tidak responsive",-1,0,0
7,maaf barang saya terima tidak baik..modul/player Mp3 tombol Play/Next terangkat/lepas dan remote bagian bawah/battrai pecah terpaksa saya isolasi,-1,0,0
8,"Lecet dan seperti barang display
Saat di ON restart terus
Tidak bisa masuk menu
Tidak bisa di setting",-1,0,0
9,kecewa ... barang yg dtang salah bukan televisi melainkan home theatre,-1,0,0
10,untuk laptop packing hanya pakek kresek hitam tanpa buble tanpa peti. Mengecewakan. Apa lagi pengiriman dr jawa ke kaltim. sunguh terlalu...,0,-1,0
11,kaga ada cd nya ya bos.. buat instal,-1,0,0
12,"Laptop tidak berfungsi normal. Spek nya bagus tapi saat instalasi aplikasi dari asus gift box berjalan lambat, aplikasi sering hang ( not responding) . melihat dari ulasan sebelumnya produk ini direview bagus , apa kebetulan saja produk yang saya terima cacat produksi ??",-1,0,0
13,"Saya pesan orange, dikirim hitam! Padahal sudah wanti2, tidak mau hitam, ternyata tetep dikirim hitam! Merasa jadi customer yang tidak dianggap!",-1,0,0
14,"smartwatch tidak mau connect dan tidak mau tampilan jammnya...mohon infonya..
",-1,0,0
15,Pengiriman super lama sekali..padahal beli nya pakai gojek tapi sama kayak pengiriman paket 3hari baru sampai..,0,0,-1
16,"Baru berapa, gesture nya bermasalah, sensor nya tidak berfungsi",-1,0,0
17,"Baru kali ini belanja di blibli dpt barang jelek, jam ny gak bisa hidup padahal baterai sdh di charge 100 %. Jadi akan saya kembalikan,.. Dan maaf bintang ny cuma 1.",-1,0,0
18,"produk rusak ko dikirim, kelengkapan tdk lengkap",-1,0,0
19,"Sudah konfirmasi ke CS dan dijanjikan bahwa produk baru, bersegel dan bergaransi SEIN 1 tahun sebelum pengiriman, TERNYATA INI PRODUK SINGAPORE DAN GARANSI DARI SINGAPORE. ",-1,0,0
20,"Produk sudah aktif sekitar 1 bulan padahal masih dalam kemasan tersegel. Niat mau kasih kado ke orang, kecewa hasilnya tidak memuaskan",-1,0,0
21,Kenapa gak bisa krim dri alamat saya... Kemaren padahal juga bisa.. Mohon di perbaiki.. ,0,0,0
22,barang rusak saat akan digunakan tidak bisa,-1,0,0
23,"Pengiriman sangat lama, kualitas produk ga bagus2 amat,",0,0,-1
24,"Produk tidak berfungsi sama sekali di 3 laptop saya dan kayanya gak lagi deh beli targus, beda sama logitech. Sudah minta retur, dibalikan dengan produk yang tidak bekerja di laptop saya, yang membingungkan di laptop blibli bisa jalan...mungkin saya perlu beli laptop mas teknisi bliblinya aja kali yah...bingung dah hehe",-1,0,0
25,Bentuknya oke. Untuk mouse kerja grafis tidak recommended lah. Keentengan. Minusnya lagi produk yang diterima tutsnya tidak asyik.. ngga logitech bgt,-1,0,0
26,Baarang nya gak bisa digunakan. Ini ori bukan?,-1,0,0
27,Saya dapet barang tapi bentuk nya seperti barang bekas. Kotor dan lecet2.,-1,0,0
28,"Tv baru sampai, setelah chat 4 hari berturut2 dgn Cs Blibli, pengiriman lama banget lebih 5 hari dari estimasi maksimalnya, semoga tdk ada masalah, terimakasih ",0,0,-1
29,Saya pesan TV Samsung 4K UA43NU7100 yang dikirim malah TV LG Full HD ,-1,0,0
30,"Nintendo wii nya sudah diterima, tapi kabel sambung ke tv nya gak ada, jadi hingga saat ini belum bisa dipakai/digunakan, mohon kabel nya dikirim, supaya barang bisa digunakan, trims",-1,0,0
31,"Remote plus tidak original,nunchuck nya kadang ga connect.",-1,0,0
32,"Order tanggal 11, baru dapat status pengiriman tanggal 14.. Barang sampai tambah lama..  Tanggal 17 baru sampai..  Lama banget ",0,0,-1
33,Judul warna barang ditulis red blue tapi dikirim abu2,-1,0,0
34,Saya pesan warna neon blue red tp kenapa yg dikirimkan warna grey?! Tolong seller yg jelas ya! Dan tolong ganti brg nya sesuai yg saya mau.tq,-1,0,0
35,Produk yg diphoto berbeda dengan yang diharapkan,-1,0,0
36,2 kali di kirim tetap salah kirim,-1,0,0
37,"Barang KW, tapi tidak ditulis
Kualitas produk sangat buruk",-1,0,0
38,"Lain barang dengan gambar...
Yang lucunya beda gambar yang di kotak dengan isinya... Wkwkwkwkwkwk aneh2 saja nih... 0 bintang harusnya ini...",-1,0,0
39,"Pesan warna hitam yg datang warna putih, suara biasa aja, dengan harga segitu dibanding kualitasnya tergolong mahal",-1,0,0
40,Jelek kualitas barangnya. Ga bisa dipakai utk telpon. Dengar musik juga pecah. Trus baru dipake sekali udah lepas. ,-1,0,0
41,"Seller terlucknut di Blibli. Jual barang cacad, dus hancur, produk cuma dibungkus plastik mirip plastik obat dari dokter, tidak ada buku manual, apalagi buku garansinya mungkin sudah dijual terpisah ke tukang gorengan. Intinya ini produk palsu, bukan asli ataupun secondhand, tapi ini seperti produk homemade. Jangan beli, cukup gue dan beberapa orang lain yg tertipu. Pengiriman pun bikin gondok, lebih dari seminggu baru sampai itupun setelah komplain ke CS Blibli.",-1,-1,-1
42,"Gambar produk tidak sesuai realita, gambar menunjukan dua buah earphone, sehingga kita akan berasumsi kalau akan ada dua buah earpiece untuk kanan kiri telinga. Ternyata hanya satu yg datang",-1,0,0
43,"Kirain headset nya 1 pasang kanan kiri, ternyata 1 doangg, pas dibuka juga tempat nya pecah ga mulus",-1,0,0
44,"Tolong lain kali di cek sbelum kirim,brg tdk menyala,kecewa bli dikota sendiri pengiriman lama dan barang yg dtg pun mengecewakan",-1,0,-1
45,"Mini S530 Sport Headset with Microphone [Bluetooth V4.0] sudah saya terima. Suara jeleeeeeeek banget ,  hanya satu bukan sepasang padahal tertulisnya  ""stereo"", batere cepet drop..Kecewa berat deh.",-1,0,0
46,Ternyata bluetooth earphone xiaomi ini baterenya tidak awet. Baru dipakai bbrp kali baterenya menggelembung dan tidak bisa dicharge. Dibawa ke servis center pun percuma karena barang tidak mereka garansi. Jika seller bisa membantu proses garansi akan sangat bagus,-1,0,0
47,"Suara bagus sekali, tp kualitas battery parah, ini produk ke 4 yg diganti krn msh masa garansi.",-1,0,0
48,"Handsfree tidak bisa di charge, setelah di charge penuh.. mau dipakai nggak bs dinyalakan.",-1,0,0
49,"Sdh lama banget pengirimanya 
Pas datang ..... no comment",0,0,-1
50,"barang diterima, packing bagus. isi box tidak lengkap dan tidak rapi. kecewa?? iya jelas nunggunya lebih sebulan, solusi yang ditawarkan hanya return produk dan refund dana.masa seller stock barang cuma satu??? udah lama2 nunggu harus refund dana . tau gini banyak seller lain yang juga jual produk ini, garansi resmi malah. thanks blibli atas tanggapan yang cepat terhadap konsumen.",-1,1,-1
51,Barang belum saya terima tapi kenapa statusnya sudah terkirim?,0,0,-1
52,Kekuatan batray  ga sampay 2jam d pake musik habis jarak hp sana alat ga lebih dari 5meter mati ,-1,0,0
53,"Order Item ID : 12016840408-12021305954
Nama Produk : Wanky 5530 Fashion Mini Headset (Bluetooth 4.0) Hitam
 Item SKU : WAC-16944-01400-00001

RUSAK/Tidak Dapat Pakai
BAGAIMANA GANTINYA.?",-1,0,0
0,Sy mau komplen ko kartu sdcart ga ke baca ya..sy pasang kartu sdcart yg 2 GB tpi ga ke baca gimna ni?apa sy harus balikin lagi barang y??,-1,0,0
1,Sangat kecewa waktu pertama saya beli adaÌ² dus onix ognos nya tapi sekarang gak ada dipakaiin dus bikin sendiri warna coklat. Padahal ini mau saya buat kado,0,-1,0
2,Bagus tapi batreinya cepat habis sudah di cas 2 jam tapi pemakaian cuma 1 jam doang,-1,0,0
3,"Saya ada beli sebelumnya untuk produk sejenis persis sama di online shop sebelah, Tapi ketika saya bandingkan, kok yang saya beli disini suaranya agak cempreng dan kurang nendang, gak seperti produk yang saya beli di onlineshop sebelah...",-1,0,0
4,"Barang diterima tapi kemasannya basah..kardus kemasannya seperti tersiram air.. Pihak jne suruh cek barang nya supaya kalau rusak dicomplen.. tapi pas coba produk nya bisa beroperasi dg baik.. Jadi batal komplen.. Sempat was was juga..
Jadi heran kok bisa ya kardus kemasannya basah seperti itu :(
Semoga tidak terulang lagi",1,-1,0
5,"Yg kurang lampu blitz nya tidak sesusai harapan, ",-1,0,0
6,Ini kok ga ada nomor IMEI nya?,-1,0,0
7,Barang diterima dalam keadaan segel terbuka :(,0,-1,0
8,Hmmm. Untuk pengiriman dan packing tidak masalah. Tpi kayaknya charger port nya bermasalah,-1,0,0
9,"Saya ulas merchant nya saja.. untuk produk oke2 sajalah...
Merchant saya rusa kurang sense of selling yang baik... order tgl 6 juni dan estimasi diterima 7 sampe 11 juni... kenyataannya tgl 28 juni baru sampe... bukan karena jasa pengirimnya tp emang merchantnya yang menyepelekan...
Untuk blibli, kalo ada bintang 1 kenapa tidak dimuat yah? padahal kata2 tidak menggunakan kata vulgar... Pihak blibli sudah menawarkan deadline pengiriman dan sudah disepakati pembatalannya jika melebihi waktu yang ditentukan, namun kenyataannya tidak di follow up dengan baik.
Demikian.",1,0,-1
10,jelek jam samsung gear spotnya bagusan gear 3 f yg ini lebih kecil,-1,0,0
11,"Di printer ada tempelan alamat orang lain, lalu dari JD.ID",0,0,0
12,"Di note saya blg minta dipacking dng kayu namun knp tdk dilakukan, mudah2 an kedepannya tdk ada masalah pd brg nya dan bisa berfungsi
",0,-1,0
13,"Barang lama di gudang, pantas murah. Banyak debunya, gitu kok gak dibersihkan dulu sebelum diberikan ke pelanggan.",0,-1,0
14,Saya minta warna hitam di kasi warna biru...,-1,0,0
15,"Proses pengiriman produk super lama... 

Produknya berfungsi dengan baik thx",1,0,-1
16,"Belum ada sebulan sudah rusak nih. Ada garansi 1 tahun, kemana saya claim garansinya ya?. 

Mouse tdk kedetect bluetoothnya dan pakai receivernya juga tdk bisa kedetect",-1,0,0
17,"ini mouse punya 2 opsi koneksi, wireless dan bluetooth. Entah kenapa yg bluetooth susah connect dan sering drop connection dan harus re-pair. Untuk mode wirelessnya sih aman, tapi masih 2.4Ghz, jadi kalau potensi gangguan kalau banyak wifi atau device lain yang di 2.4 GHz juga",-1,0,0
18,"Produk ada kecacatan, tutup baterai sudah rusak, barang tidak seperti baru",-1,0,0
19,"ya emang peraturanya sih batas pengiriman sampe 4 hari tpi serius bgt harus hari ke 3. yg lain maksimal kirimnya hari yg sama klo ditransfer sebelum jam tertentu, ini aku transfer pagi padahal",0,0,-1
20,"Barang ok, sesuai.

Beli pagi pakai gosend tapi nyampenya besok malam. Delivery sangat lambat dan merugikan. Bayar gosend tp malah lambat!",0,0,-1
21,"Di gambar dan di iklan TV + 2 salon,kiri dan kanan
Ternyata aslinya hanya 1.

Sangat kecewa,pengiriman lama,sangat menyesal",-1,0,-1
22,"begitu beli harganya turun 100k, nyesel jadinya",0,0,0
23,"Wiinya masih bagus, sayangnya kondisi power adapternya tidak bisa nyala, jadinya harus beli lagi sendiri.",-1,0,0
24,"Packing tidak dikasih bubblewrap, dus luar cacat",0,-1,0
25,Pesan yg neon merah biru tapi dikirim yg grey. Mengecewakan.,-1,0,0
26,"barang spertinya used. 
karena sudah terpasang anti gores
batere mati total(di standby sebelumnya)
ada bekas install mario odyssey
ada user yg terdaftar
joycon tidak lancar masuknya",-1,0,0
27,Antara gambar sm barang yg dikirim bentuknya beda,-1,0,0
28,Yang dikirim tidak sesuai dengan yang digambar di display. Yang dikirimkan model samsung.,-1,0,0
29,"Barang diterima dengan cepat dan rapih, namun pada saat dilakukan penggunaan, ternyata baterei hanya bertahan kurang dari 30 menit (pada deskripsi menyebutkan bisa hingga 2 jam), sehingga membuat penggunaannya menjadi kurang nyaman.",-1,0,0
30,"sering lost connection, handset kiri dan kanan sering tidak biaa connect, charging box bermasalah. kadang ngecharge hanya kiri, kadang hanya kanan.",-1,0,0
0,"barang sudah diterima, tapi banyak lecet nya terutama di bagian camera
semoga konsumen ga protes
lain kali mohon di cek lagi yaa",-1,0,0
1,"barang udah nyampe,tanks ya.cuma talinya gampang copot",-1,0,0
2,"terimakasih barang sudah saya terima, tapi kondisi jam tangan yang satu ini kurang bagus tidak bisa nelpon",-1,0,0
3,"ngga bisa di update firmware, versi Mediatek: MTK60D",-1,0,0
4,"1. Pengiriman lama 6 hari..
2. Kualitas kurang bagus.. volume tape harus dibesarkan baru terdengar
3. Suara kurang jernih.. seperti frekuensinya tidak pas.. sudah coba di berbagai chanel.. ",-1,0,-1
5,"suka ngehang dan force close, isi box minimalis",-1,0,0
6,"Ada harga ada kualitas itu sy setuju, tp blm 6jam dipakai ring karet utk pegangan talinya sudah putus sendiri.seperti bahannya getas, bukan karet seperti yg di gbrkan...lumayanlah buat pakai sebulan trus dibuang....",-1,0,0
7,"Respon dan pengiriman cepat, gak nyangka sehari nyampe. ",0,0,1
8,"Pengiriman cepat, cuma barang warna  tdk sesuai di gambar,,,tapi ga pa pa dech,,, trima kasih famous store n blibli.com",-1,0,1
9,Packing bagus tpi gak bisa buka format mp4 huh menyebalkan.. ,-1,1,0
10,"berfungsi baik cmn tidak semua bisa ita tonton, ada chanel yg berbayar yg ga bisa kita tonton",1,0,0
11,"Sudah dipakai 1 Minggu,blm ada kendala sih.thanks Blibli ",0,0,0
12,"Awal membeli excited banget. Tapi pas barang datang tidak sesuai dengan warna. Di situs tertulis graphite black tapi yg datang malah warna gold. Dan sepertinya barang merupakan barang BM, kalo dilihat dari tampilannya sih (saya penggemar berat sony). Tapi tidak masalah sih karena barang bisa digunakan dengan normal seperti fungsi barang aslinya.",-1,0,0
13,Barangnya bagus tpi saya kurang puas karna saya pesan warna hitam mlh sampainya warna putih,-1,0,0
14,"Laptopnya bagus,, tapi sayang tidak sesuai dengan deskripsinya. Di deskripsinya vga nya R7, tapi nyatanya R5. ",-1,0,0
15,"Barang sudah diterima, hanya  nomor resinya yang tdk diupdate..jd susah pantaunya, cukup memuaskan",0,0,-1
16,Pengiriman barang terlambat sehari/ lewat sehari dari estimasi pengiriman barang. Pengiriman barang butuh waktu 7 hari dan menurut saya itu terlalu lama. Padahal jarak masih Jabotabek. Untuk harga harga mantap ğŸ‘,0,0,-1
17,Barang cepat sampai dan sesuai. Akan tetapi warna yg dipilih gold tidak ada dan harus ditukar warna lain. ,-1,0,1
18,salah beli neh...barangnya garansi internasional..tp berfungsi baik...paling2 ribet nantinya kl mau klaim garansi..tp mudah2an ga bermasalah..,1,0,0
19,Proses pengirimannya lama benerr. Agar lebih diperhatikan lg.,0,0,-1
20,pengiriman cepat.. baterenya kok 0% sampe ga bisa dinyalain... semoga aja baik2 saja,0,0,1
21,Barang diterima dan berfungsi dengan baik awalnya saya kira bukan yang global tp ternyata setting hp kita harus english supaya menunya english. Sayangnya yang membuat bintang tidak full adalah tulusan amazfit pada huruf T tidak sempurna ,1,0,0
22,Kardus datang dalam keadaan penyok   tp untung produknya tdk apa2,0,-1,0
23,"Bagus,,,tp bllum d coba pke sim card",1,0,0
24,"Barang sudah sampe, tapi gak bisa hidup. Di layar hanya muncul gambar HP connect ke Jam. Mohon info cara menghidupkannya.",-1,0,0
25,"GPS blom berfungsi, ini gak bisa atau gw gak ngerti.. Nnti gw update lgi.",-1,0,0
26,"Thx brg sampe
Pengiriman cepat
Tp syg kotak penyok bagian atas...:(",-1,0,1
27,"Pengiriman cukup cepat, barang lumayan, packaging kurang",0,-1,1
28,"trima kasih barang sudah sampe sesuai pesanan,saya sangat suka,,,pembayaran mudah ga ribet,,,,pertahankan ",1,0,0
29,Barang diterima baik. Hanya mestinya kan kalau di series 3 ada warna merah di digital crown nya. Yang dikirim ke saya tidak ada merahnya.,-1,0,0
30,"Produknya baik hanya saja packingan brg nya tidak bagus...buble wrap tidak terpasang rapi, terkesan asal2an...sangat mengkhawatirkan utk pengiriman produk yg mudah pecah..tks",1,-1,0
31,"Hari ini baru terima
Packingnya rusak dan ndak rapi
Trus pas dibuka kamera lecet.
Dan ternyata kebesaran ditangan juga sih atau gara-gara saya perempuan?
Dilihat dari barangnya sudah pernah digunakan alias second karena ada beberapa bagian yg lecet juga

Sedikit kecewa sih .. ",-1,-1,0
32,"Barang di terima dengan packagin yg sangat rapi, fast delivery, barang asli but produk singapore, mulus dan bagus! Cuman 1 poin minus nya yaitu segel telah terpotong. Awal buka kotaknya tidak perlu pake silet lgsg terbuka..overall mantap!! 
",1,1,1
33,"Pelayanan cepat, tapi produk yang dikirim bukan versi nike... terlanjur sudah dibuka packagingnya sehingga tidak dikembalikan",-1,0,0
34,Barang sesuai deskripsi.tapi sayang prose pengiriman agak lama,1,0,-1
35,"barang lumayan oke, pengiriman baik tidak terlalu lama. tapi hasil cetak Foto kurang memuaskan warna dan tekstur tinta nya mudah luntur. ",-1,0,1
36,"over all bagus, cuma ane ada troble nih gak bisa ngeprint warna. entah eror atau settingan nya salah",-1,0,0
37,Barangnya sudah diterima...Sudah dipakai ngeprint...Hasilnya bagus..Thanks blibli.com Tapi Kok ada biaya pengiriman ya...biasanya gratis....he..he..,1,0,0
38,"Pengiriman sangat lama, dan dus ada yg tidak bagus, sudah robek",0,-1,-1
39,barang sudah sampai.terima kasih ya gan.saya rekomendasi ini guy's,0,0,0
40,Produk nya sie sesuai.. Tp pengirimannya yg ngeewakan.. Sampe barang nya lewat etimasi..,1,0,-1
41,"Kiriman cepat ,..packing seadanya hanya  dibungkus plastik hitam rawan penyok dusnya,..",0,-1,1
42,"Saya beri bintang 3 karena tombol kalkulator tenggelam, walaupun masih berfungsi. Mau saya kembalikan cuma malas",-1,0,0
43,packing lgsg kotaknya. ada sobek dikit agak khawatir untung gpp. overall oklah,0,-1,0
44,Produknya bagus. Sayang dalam proses pengirimannya membuat kotak nya remuk. Beruntung isinya tidak rusak,1,-1,0
45,"+ Tinggal colok, ga perlu install driver. Keyboardnya ada penyangganya. Sdh termasuk baterai

- Scroll mousenya kurang smooth. Packing cuma pake cling wrap, ga pake bubble wrap maupun kardus, pas nyampe boxnya udah penyok2 :( agak kecewa soalnya biasanya kl beli dari blibli packingnya bagus, apalagi ini barang elektronik yg rawan rusak kl kebanting2 :(",-1,-1,0
46,"barang bagus..tp packing kurang tebel, jd kardus logitechnya penyok
oh iya penjual jg kirim 2 paket yg sama ke sy, akhirnya sy di contact utk kirim balik ke penjual...jd merepotkan",1,-1,0
47,"Berfungsi dengan baik, tapi sayang cara packing sangat tidak puas akibatnya bungkus kotak penyot penyot,  itu saja sih kekurangannya",1,-1,0
48,Di kirim tidak dikemas dengan kotak hanya di bungkus dengan bubble wrap seperti membungkus barang bekas,0,-1,0
49,Nyaman untuk digunakan mengetik. Bisa pairing sampai 3 gawai. minusnya lebih berat dari kelihatannya. Menunjukkan kualitas Logitech memang tidak main-main.,1,0,0
50,Produk bagus . Sayang tak ada dongle bluetooth utk koneksi ke pc..,1,0,0
51,"Great!  Barang sampai lebih cepat dari ekspektasi. Packaging rapi,  aman,  semoga awet.  Trimakasih.",0,1,1
52,Aku kira bs utk windowa 7 ternyata hanya bisa windows 8 dan 10..jd sia2 dah belinu,0,0,0
53,"Keyboard kurang responsif , terkadang tidak berfungsi ğŸ˜­ğŸ˜­ğŸ˜­
",-1,0,0
54,"Produk pastinya bagus. Sayang pengiriman super lama (bukan salah Kurir, tapi pengriman barang dri seller nya yang lama , jadinya barang bru d terima setelah 2 minggu order)",1,0,-1
55,"Kiriman lumayan cepet ke sukabumi padahal gratis trims blibli dan seller
Soal produk ternyata kecil yaa tapi over all good",-1,0,1
56,"oke juga barangnya, harganya juga ga terlalu mahal",1,0,0
57,"Barangnya bagus, cuma pengiriman sangat tidak disarankan. Sempet uyel uyelan sama pihak FIR krna ga mau anter ke alamat, complain ke admin Blibli langsung difollow upkan. Saya mengajukan agar FIR ditiadakan saja.",1,0,-1
58,"Untuk barang sesuai kebutuhan dengan harga bersaing. Pengiriman barang biasa2 saja, krn untuk jarak dr penjual ke alamat saya tergolong dekat (Dewi Sartika, Cawang ke Pondok Bambu)...",1,0,0
0,"Manteeb, kurirnya lekas nyampe. BES memang oke. 
",0,0,1
1,"Produk berjalan dengan baik , cuman kebingungan kenapa file yg berformat MPEG dari USB ada yg kebaca ada yg nggak",-1,0,0
2,"Barang bagus, sesuai dgn info. pengiriman cepat",1,0,1
3,Produk sesuai pesanan. Pengiriman suler cepat. Recommend seller.,1,0,1
4,"Dvd nya bagus n modelny juga bagus,sesuai dgn yg diharapkan",1,0,0
5,"Produk sudah diterima dan produk berfungsi dengan baik, chanel tv nya juga banyak",1,0,0
6,"Order tanggal 4 juli pagi, tanggal 5 juli pagi barang sudah diterima. Packing rapi, barang garansi resmi, langsung di test, bisa baca dvd lama/baret2, dvd bajakan juga lancar terbaca. Sangat puas dengan barang yang saya beli dan pelayanan blibli yang cepat.",1,1,1
7,"Selalu Puas belanja disini
Sayang ekspedisi nya yg kurang cepat dan g bisa pke J&T..",0,0,-1
8,Barang sudah diterima dan berfungsi dengan baik,1,0,0
9,"Pengiriman cepat, barang aman, & suaranya ok. Thanks",1,0,1
10,Oke ... Barang sudah sampai .. bagus tanpa cacat... Suara jernih n mantep. Pengiriman juga cepat. Cuman sayang koq gak ada tombol volume na.  Top gpp gak masalah itu. Barang bagus kualitas oke suara juga oke. Sesuai harga na. Trim's.,1,0,1
11,"Barang berfungsi dengan baik, barang juga original, pesan tengah mala, siangnay sudha sampai. ekspress dan sangat memuaskan. baranganya juga sangat mumpuni untuk harga segitu, sudah survey di tempat lain, disini paling murah.",1,0,1
12,"Cepat datang nya
Sesuai dgn gambar yg dijual",1,0,1
13,Response cepat barang berkualitas rekommendes seller. Good job,1,0,0
14,"Barang original. Packaging rapi. Barang aman sampai tujuan dengan baik dan gak ada cacat sedikitpun. Cepet banget sampenya, cuma 24 jam pasca beli udah sampe. Recommended!!!",1,1,1
15,"Respone relatif cepat, sudah dicoba normal
Hanya pengemasan agar lebih diamankan, kemasan ada yang cacat, namun item aman",0,-1,0
16,"Produk diterima dgn kemasan kayu dan dus masih tersegel rapi, sesuai deskripsi dan original Asus. Laptop mulus tanpa cacat. Semoga dlm pemakaian tdk ada kendala. Thanx blibli.com",1,1,0
17,"Barang sudah diterima, pengiriman cepat 
Tq blibli",0,0,1
18,Barang ok bgt. Sesuai dgn speksifikasi. Mulus. Thx y blibli,1,0,0
19,Terima kasih barang sudah sampai dengan baik,0,0,0
20,"Mantab sesuai deskripsi.. Cepet sampai..
Coba langsung pairing sudah bahasa inggris..",1,0,1
21,"Produuuk sesuaaai, masiih sangaat puas sama bliblii,  thankyouuuu",1,0,0
22,Respon cepat produk sesuai dalam gambar yg dicantumkan,1,0,0
23,"packing bagus dan barang sesuai pesanan, trims",1,1,0
24,"pengiriman cepat, respon cepat, kemasan bagus dan rapi, thanks a lot",0,1,1
25,"Order yg ditunggu2 akhirnya datang jg, mantab dan bisa langsung begaya....eee aaaaa",0,0,0
26,"Barang asli sesuai pesanan , packing bagus , cepat sampai di tujuan diterima dgn baik .. ğŸ‘",1,1,1
27,"Pengiriman tepat waktu..
Dan sangat memuaskan packagingnya
Buat hadiah jdi pas deh waktunya",0,1,1
28,"produk diterima hari itu juga dengan pilihan pengiriman pakai gosend, thanks yah",0,0,1
29,"packing rapi dan aman , barang sesuai",1,1,0
30,Mantap produk berfungsi dgn baik dan sesuai deskripsi,1,0,0
31,"Lumayan dgn hrg relatif murah, jd ga harus selalu cek HP",0,0,0
32,Packing rapi. Mantap. Di kasih godie bag juga ,0,1,0
33,"Barang sampai 22 Nov. Menyenangkan banget punya smart watch yang stylish, bisa untuk me-remote Spotify, dan yang pasti bisa berguna untuk exercise berenang saya, laffff banget.... ",1,0,0
34,"Pengiriman super cepat, barang sesuai semua, mantap deh",1,0,1
35,Brg sampai sesuai pesanan.masih tersegel.packing aman.thx u blibli,1,1,0
36,Cepat dan oke. Tinta hitam dan berwarna sdh including bersamaan printer,0,0,1
37,"Thx blibli, barangnya sudah diterima. Sampai cepat packing rapi barang lancar semua. Semoga awett,,,",1,1,1
38,"Harga murah, pengiriman super cepat, sangat puas dengan pelayanan seller dan blibli, printer dikemas dengan rapi, sudah dicoba untuk scan, copy dan print, hasilnya sangat memuaskan",1,1,1
39,Terima kasih barang sudah diterima dengan baik dengan kemasan yang rapi. Secara keseluruhan saya puas dengan barang ini selain lengkap fungsinya juga dapat harga yang kompetitif dengan tambahan disc 10% dari Harbolnas.,1,1,0
40,"sip barangnya
langsung dikirim cepat
packing rapi
langsung digunakan untuk aktifitas",0,1,1
41,Sampe cepat cuma selang 1 hari. Barang bagus. Thank you,1,0,1
42,"Respon sangat cepat, menyenangkan sekali. Pesan 12 Desember jam 10 pagi, 13 Desember jam yang sama, barang sudah sampai. Packing rapih sekali dan aman, full bubble wrapped. Begitu barang sampai di rumah, seneng banget sama model dan warnanya yang fancy, hahaha, dan langsung install semua yang diperlukan dan coba semua fungsi. Untuk print dan copy super cepat banget deh, seru ga pake nunggu lama langsung jadi. Untuk scan pun hasilnya ok banget. Ga nyesel sih dengan harga rendah, yang didapat top juga. Thank you Dunia Storage dan Blibli.com!! :D",1,1,1
43,"Barang sudah diterima dengan baik dan benar.
Terima kasih blibli",1,0,0
44,barang sudah diterima dengan baik. thx blibli,1,0,0
45,"Pengiriman cepat, pesan jumat sore, senin sudah datang. thanks",0,0,1
46,brg sudah diterima dengan baik thx ya,0,0,0
47,Penjual Oke dan memberikan respon dengan baik,0,0,0
48,"barang ok, packing ok, pengirimannya aja ntah ada apa, koq sedikit lama",1,1,-1
49,"Barang cepat sampai dari perkiraan , barang okeee bgt harga murah dapet tinta nya juga yaa ternyata jd bisa langsung pakai ğŸ‘ğŸ»ğŸ‘ğŸ»ğŸ‘ğŸ»ğŸ‘ğŸ»",1,0,1
50,"Barang sesuai foto, sudah saya coba cukup baik,pengemasan bagus semoga awet barangnya",1,1,0
51,"Bagus, murah, terkirim cepat dg go-send. Cocok utk Smartphone, tablet",0,0,1
52,"Keyboard paling bagus yang pernah saya pakai. bodynya sendiri memang kurang bagus dibanding razer tapi bisa buat control apapun seperti TV, AC, PS4, lampu, alarm mobil, atur suhu mobil dll. one keyboard to rule them all. sayang touchpadnya gk sebagus apple",1,0,0
53,"terima kasih barnag sudah diterima.. kondisi ok. packingan mantap dilapisi dos plus bubble warp, jadi tidak merusak dos kemasan aslinya...thumb up..",1,1,0
54,"Barang original Apple,packing bagus,cepat sampai. 2 hr sdh sampai di Bukittinggi ",1,1,1
55,"proses respon dan pengiriman sangat cepat. ketika beli logitech MK 345 dari toko inilah harga paling murah di blibli.

kelemahan logitech MK345 ini tidak support unifiying, jadi sedikit kawatir kalau reciefernya rusak.",0,0,1
56,pelayanan cepat dan barang sesuai dengan deskripsi,1,0,1
57,"mantap,beli keyboard di blibli.com terjamin packingnya tidak penyok,karena dikirim lewat ninja/bes.",0,1,0
58,Barang sesuai dan packaging bagus.. Penjual cepat banget responnya sehingga pengirimannya pun sangat cepat,1,1,1
59,"Barang sudah diterima..
Kecepatan pengiriman luar biasa, pesen siang, sore sudah sampai.. Kondisi bagus hanya segel bening khas logitech di kedua sisi sudah terpotong.. Mungkin untuk nempel garansi..",1,0,1
60,"Barang cepat sampai, dan kualitasnya bagus. thanks blibli",1,0,1
61,"berfungsi dengan baik, keyboard mungil, mouse nya gede, colokan usb nya segede flashdisk murah meriah lah...",1,0,0
62,"Keyboard terbaik masa kiny, murah lagi ;)",1,0,0
63,"Telah diterima, packaging sangat rapi, berfungsi baik. tidak pernah menyesal belanja di blibli",1,1,0
64,Barang cepat sampai. Kondisi baru dan berfungsi dengan baik. Harga murah. Recommended Seller,1,0,1
65,"Thanks, kwalitas dan ketepatan kiiriman sesuai harapan.... ",1,0,0
66,"Barang bagus, mulus bener sesuai dengan pilihan saya dan ekspetasi",1,0,0
67,"Keren banget sih, cepet bat nyampe nya datang lebih cepet dari estimasi, barang nya good, dan puas banget.. 
thankyou blibli",0,0,1
68,"Proses pengiriman BES luar biasa cepat..pesan sore, malam sampe..packing super aman..bubble wrap plus plastic wrap ala bandara..
Barang sesuai dgn pesanan dan sudah dicoba..tanpa kendala dan berfungsi baik..
Harga bisa diadu plus pake voucher point rewards..bintang 5 smuanya

Thanks to Blibli.com",1,1,1
69,Nice product. Barang bekerja dg baik.Pengiriman Cepat. Terimakasih.,1,0,1
70,Order kmarem sore td siang ud sampe brang ny..lbih cpt dr gosend..mantab gan..express bed,0,0,1
71,Pengiriman cepat dan barang sesuai deskripsi. Packing nya rapi mantap bgt... ğŸ˜ ,1,1,1
72,produk diterima dengan baik dan berfungsi dengan baik...tx blibli,1,0,0
73,"GO-SEND memang oke, mouse mulus baru, masih segel. tak ada komplain berarti.
semoga awet, Aamiin",1,0,1
74,"Harga murah, pengiriman cepat, malam order, pagi dtg. ",0,0,1
75,Barang murah tapi ga murahan. Thanx blibli,0,0,0
76,"Barang sesuai, bagus, pengiriman cepat bgt, pesan selasa malam, kamis udh sampai di makassar, puas berbelanja di blibli",1,0,1
77,Sesuai dg yg diiklankan dproduk yg djual n dpt braketna jg. Cm agak lama gegara kpotong sabtu minggu jd dianterna senin deh . Tq,1,0,-1
78,"Batang bagus, garansi 5 tahun, pengiriman cepat",1,0,1
79,Rekomanded. Barang harga lebih murah tapi kualitas tetep oke..,1,0,0
80,Paket di terima dengan baik walaupun saya di sumatra.. Terima kasih blibli terima kasih sumberkarya ,0,0,0
81,"Alhmdulilah barang dah smpe, bagus tv ne. Semoga awet. ",1,0,0
82,"paket sesuai dengan tulisannya (plus bracket) pengiriman cepat, pesan hari jumat sore, sabtu siang sudah sampai rumah ğŸ‘",1,0,1
83,produk diterima dengan baik dan berfungsi baik,1,0,0
84,Sempat ragu untuk membeli produknya. Namun barang dikirim dengan sangat baik menggunakan packing kayu. Produknya sendiri oke oke saja. Garansi dapat yang lima tahun.  Terimakasih untuk Seller dan Blibli.,1,1,0
85,Barang sudah sampai..packing ok..sudah di tes ok tvnya..recomemended sellerğŸ‘ğŸ‘ğŸ‘ğŸ‘ğŸ‘,1,1,0
86,"TV berfungsi dengan baik, terima kasih blibli",1,0,0
87,"Paket diterima dengan baik
Terlindung oleh Packing kayu
Pengiriman relatif cepat",0,1,1
88,"Pengiriman termasuk cepat, barang kondisi sangat bagus, di test semuanya bagus. Like this...senang berbisnis dengan anda Dan blibli.com",1,0,1
89,"respon dan pengiriman cepat, produk bagus dan memuaskan, trims",1,0,1
90,Thanks barang sudah diterima....pengiriman sangat cepat... Barang sesuai pesanan dan dpt bonus amibo.... Sukses trus.... ,1,0,1
91,sesuai dengan deskripsi dan berfungsi dengan baik,1,0,0
92,"barang sampai dgn selamat, no problem sama sekali",1,0,0
93,"barang vagus kondisi minim lecet seperti baru. mudah""an awet",1,0,0
94,"Keren, barangnya mulus banget, warna hitam, stik berfungsi normal, sangat-sangat puas",1,0,0
95,"Packing aman, mesin jalan sempurna 5 bintang untuk blibli",1,1,0
96,"Packing , harga , pelayanan, produk ..smua Puas,,recommend",1,1,0
97,Pengiriman cepat dan barang sesuai dengan deskripsi yang ditulis..,1,0,1
98,"Bagus, barang nya sesuai gambar, bungkus nya rapih, cepat pengiriman nya",1,1,1
99,"Sangat memuaskan,cepat dan packing rapi.Terima kasih  atas kejujuran terhadap konsumen.Semakin sukses untuk penjual dan BliBli..Tidak mengecewakan,recomended...",0,1,1
100,"Baranf dinkemas dengan baik, barang pun kualitas nya OK ",1,1,0
101,"Brg original good job, but delivery agak lama ya, over all welldone....",1,0,-1
102,"Thanks blibli, barang sampai sesuai pesanan dan kualitas suaranya bombastis",1,0,0
103,"Produk tersegel baru dan pairing mudah, nyaman di telinga dan suara cukup ok, recommended seller. Tks blibli!",1,0,0
104,"Packaging rapi, kualitas barang bagus, sedikit butuh waktu untuk pairing dan setelah itu oke. Kualitas suara dan bass nya diatas perkiraan utk headset dgn harga < 1juta. Wireless headset ini sangat membantu saat joggin. Thumbs up untuk blibli!",1,0,0
105,"Terimakasih barangnya diterima dengan kondisi baik, barangnya sesuai dengan harapan saya",1,0,0
106,Quick delivery. Iâ€™m very happy with the product ğŸ‘ŒğŸ»,0,0,1
107,"Kualitas bagus, mega bass sony nya ajib
",1,0,0
108,"Udh ngk di ragukan lg dgn merk bose, dr kualitas dan suara mantab bgt, respon seller yg jg cepat, jd brg cepat sampai, sy puas, rekom seller",1,0,1
109,"Produk berfungsi dengan baik,  tidak ada cacat.  Produk sesuai dengan deskripsi. Terimakasih Blibli. ",1,0,0
110,"Barang sesuai gambar
Pengiriman cepat sampainya
Packing rapih",1,1,1
