MTA-0540505,"Kameranya bagus dengan harga yang cukup murah dibanding tempat lain (waktu beli pas ada diskon dari blibli), dan dikasih tas besar juga buat taro perlengkapan kamera. Packaging baik dan kamera sampai dengan selamat tanpa cacat. Tokonya juga sangat terpercaya. Tengkyu~",5
MTA-0540505,Fast respon.. Barang cepat sampai rapih. Semoga awet. ,5
MTA-0540505,"Barang sesuai expectasi, recomended deh Kemasan dan kirimannya Ok safety siip",5
MTA-0540505,Kualitas Bagus. Packing Rapi dan Aman. Isi sesuai content di manual.,5
MTA-0540505,"Produk sesuai deskripsi. Pengiriman cepat. Recommended seller..
Sukses selalu..ğŸ‘ğŸ‘ğŸ‘",5
MTA-0540505,bagus,5
MTA-0540505,"nyampenya kilat..  cek kayanya komplit semua, blom dicoba.. tapi sepertinya ga ada masalah ğŸ‘ğŸ‘",5
MTA-0540505,"Good product, Good Seller, Thanks Blibli",5
MTA-0540505,Good Job,5
MTA-0540505,goood,5
MTA-0540505,Produk baik.,5
MTA-0540505,Love u,5
MTA-0540505,"Thanks. Fast delivery. Sampai dengan Aman dan Selamat. 
Order sore bsk siang sampai (belum 24 jam sampai) MANTAP. 
",5
MTA-0540505,Packing rapi. Barang ok.,5
MTA-0540505,Produk sesuai.,5
MTA-0540505,Thank you,5
MTA-0540505,Barang sudah diterima,5
MTA-0540505,"Goodd
",5
MTA-0540505,udah di terima barangnya ,1
MTA-0540505,"Barang diterima dengan baik dan bisa berfungsi dengan baik. Hanya saja di sitenya tertulis garansi resmi, dan ternyata yang didapat garansi distributor, manual tifak ada dalam bahasa indonesia",2
MTA-0540505,brgnya oke,5
MTA-0540505,Kamera DLSR bagus buat pemula. Tp yg penting belanjanya di blibli.com,5
MTA-2191329,Barang baik,5
MTA-2191329,Packing Aman. Sesuai deskripsi. Reccomended lah,5
MTA-2191329,"Alhamdulillah pesanan sdh diterima dlm keadaan baik, semoga awet dan berkah.
Pengiriman sesuai Estimasi dan Packing rapih.
Jaga terus pelayanannya !",5
MTA-2191329,Barang sesuai pesanan...semoga awet...pengiriman cepat,5
MTA-2018995,"Produk sudah di terima dgn baik, kualitas mantap",5
MTA-2018995,Bagus barangnya,5
MTA-2018995,Produk sesuai dgn pesanan. Trims,5
MTA-2018995,Smoga tdk ada masalah,4
MTA-2018995,Smoga tdk ada masalah,4
MTA-2018995,Mantaaapp,5
MTA-2018995,Pengiriman sangat cepat. Packing aman. Trusted,5
MTA-2018995,Matap gan terima kasih bintang 10......ğŸ‘ğŸ‘ğŸ‘ğŸ‘ğŸ‘,5
MTA-2018995,Good,5
MTA-2018995,produk baik,5
MTA-2018995,Ok,5
MTA-2018995,"berfungsi baik, bagus, mantap dah",5
MTA-2018995,"barang ok, blm ada kerusakan berfungsi dgn baik",4
MTA-2018995,Mksi barangx datang dengen slamattt..,5
MTA-2018995,Produk bagus sesuai deskripsi ,5
MTA-2018995,"barang sesuai pesanan,mantap ",5
MTA-2018995,Mantap tingkatkan,5
MTA-2018995,pengiriman cepat...barang murah...,5
MTA-2018995,"Pengiriman cepat, rapi dan puas...",5
MTA-2018995,Produk berfungsi dengan baik.,5
MTA-2018995,"pengiriman cepat dan packingnya juga aman bgt.
terima kasih seller",5
MTA-2018995,"Barang ori, packing sangat sangat rapih. Sangat memuassssskan",5
MTA-2018995,"bagus,recomend",4
MTA-2018995,Sesuai..  Aku sukaaa. Pengiriman cepet bgt... Makasih ,5
MTA-2018995,"Packing Woke Banget,Pengiriman Juga Cepet ,sesuai Keinginan ku,Harrga Juga Miring Banget Dari Sebelahnya Rekomended Merchannya,Thank Blibli",5
MTA-2018995,Proses pengirimannya lama....,5
MTA-2018995,Mantap,5
MTA-2018995,Top,5
MTA-2018995,"Bonus berlimpah, produk sesuai deskripsi",5
MTA-2018995,"Produk sudah diterima dengan baik, thank you Seller & Blibli.com",5
MTA-2018995,Kualitas Bagus,5
MTA-2018995,"Thanks, barang sudah diterima dengan baik",5
MTA-2018995,Good.. Remomended,4
MTA-2018995,Terima Kasih ,4
MTA-2018995,Produk Ok Punya,5
MTA-2018995,Barang Ori,5
MTA-2018995,Sesuai dengan ekspektasi,5
MTA-2018995,Sesuai dengan ekspektasi,5
MTA-2018995,"barangnya bagus, pengiriman cepat",5
MTA-2018995,"Good handphone,, thank.. ",5
MTA-2018995,sesuai pesanan,5
MTA-2018995,"Gak nyesel beli hape ini, layarnya lega asyik buat main game or nonton yutub, bodine juga tipis, hasil jepretannya juga muantepe polll.
recomended buat dibeli",4
MTA-2018995,"Barang sesuai dan packing rapi.
Recomended",5
MTA-2018995,OKE !!!!,5
MTA-2018995,"ram 4 gb tapi ruangan yg tersedia 1.23gb selebihnya kemana,
padahal belm ada dowload aplikasi apa2,
cuma bawaan saja",3
MTA-2018995,puas dan recommended seller,5
MTA-2018995,Memuaskan pelayanan cepat,5
MTA-2018995,"Terimakasih, Blibli HP Vivo V9 udah  saya pakai selama 1 minggu, barang baik n pengiriman juga baik, gk ngesel deh be Lanka d blibli. ",5
MTA-2018995,Barang bagus sesuai pesanan dan spec. Tq.,4
MTA-2018995,sesuai pesanan. Thank you,4
MTA-2018995,Pengiriman dari Surabaya tetapi lumayan cepat. Barang Original plus bonus vivo box,5
MTA-2018995,Terimakasih seller,5
MTA-2018995,"Produk baik, berkualitas",5
MTA-2018995,Goodddd,4
MTA-2018995,"Hp berfungsi sebagaimana mestinya, kata orang sih bekerja Normal.",5
MTA-2018995,barang sudah diterima dengan baik,4
MTA-2018995,"Produk dtg sesuai pesanan,  no lecet,  produk ori, pengiriman cepet bgt,  kerenlah pokonya, suka ğŸ˜Š",5
MTA-2018995,Thank Blibi,4
MTA-2018995,Mantap Gan,5
MTA-2018995,Thanks ya.. Puas sama barangnya,5
MTA-2018995,Ok,5
MTA-2018995,ğŸ‘,4
MTA-2018995,Packing tdk pke kardus lg,4
MTA-2018995,Beli hp pakai voucher cashback 70%,5
MTA-2018995,"Packing baik, pengirimannya cepet, harganya paling murah dibanding toko sebelah ",5
MTA-2018995,"cepat dan rapi juga ya, belum dibuka dan dicoba hp nya",5
MTA-2018995,"Barang berfungsi dengan baik, harga OK",5
MTA-2018995,"Pengiriman cepat,, tidak lebih dari 2x24jam.. Good the best lah ...
Pertahankan dan tingkatkan pelayanannya.. 
Kemarin sore bayar,, besok sore nya langsung datang barangnya... Googjob broo..!!! 
Thanks blibli.com",5
MTA-2018995,Barang bagus..pengjriman cepat,5
MTA-2018995,Sesuai pesanan selalu lebih murah,5
MTA-2018995,"Produk sudah diterima, lumayan cepat pengiriman untuk ke daerah aceh, namun sangat disayangkan prosesornya tidak sesuai deskripsi, sebagai nya seller revisi deh deskripsi nya, Snapdragon yang saya trima 450 bukan 626. Karena memang di indonesia untuk Vivo V9 versi 4Gb itu hanya ada Snapdragon 450. ",3
MTA-2018995,Tlong klo krem paket hp. Sgel kardus jngan dibuka. Spya tau bnar2 msih baru,4
MTA-2018995,"packing rapi, thanks",5
MTA-2018995,Keren skaliiiii,5
MTA-2018995,Good,5
MTA-2018995,Produk berfungsi dgn baik,5
MTA-2018995,Murah dan terpercaya,5
MTA-2018995,"Pesanan telah sampai, langsung di coba oleh usernya. Terima kasih.",4
MTA-2018995,Barang ok,5
MTA-2018995,sesua deskripsi tq,5
MTA-2018995,"packing bagus, pengiriman cepat...",5
MTA-2018995,"Respon seller cepaat tnggap barang oke original punya. Udh order ke 2x di toko ini. Semoga slalu memuaskan customer.
Thx seller & blibli ",5
MTA-2018995,Good Job... Blibli!!,4
MTA-2018995,Sudah di coba dan berfungsi dengan baik seluruhnya,5
MTA-2018995,Recommended reseller...,5
MTA-2018995,"respon dan pengirimannya cepat, makasih

RECOMENDED",5
MTA-2018995,"Pengirimannya cepet bgt, barang ok",5
MTA-2018995,Diterima dengan baik,4
MTA-2018995,Good. Barangnya tiba dgn baik.,5
MTA-2018995,bagus,5
MTA-2018995,Ok,5
MTA-2018995,"Produk sesuai dengan gambar,dan berfungsi dengan baik",5
MTA-2018995,Barang oke.. pengiriman cepat..,5
MTA-2018995,Pengiriman cepat.. barang sesuai pesanan. Trims,5
MTA-2018995,"Barang berfungsi dengan baik.
packing rapi.
Respon Penjual OK.",5
MTA-2018995,Spesifikasi canggih dengan harga terjangkau. Harga promo lebih murah dan free ongkir hanya di Blibli...,5
MTA-2018995,Okee,5
MTA-2018995,Respon baik,5
MTA-2018995,"pengiriman dan packing mantap, barang sesuai desripsi..okelah",5
MTA-2018995,Pengiriman sangat cepat. Barang oke.,5
MTA-2018995,Barang mulus tanpa sedikitpun goresan,4
MTA-2018995,ğŸ‘ğŸ»ğŸ‘ğŸ»ğŸ‘ğŸ»ğŸ‘ğŸ»,5
MTA-2018995,"Bagus, sesuai kenginan, dan cepat.
",5
MTA-2018995,Cepatdanmemuaskan,5
MTA-2018995,barang cepat sampai dan packing oke.. thanks,5
MTA-2018995,.mantappp,5
MTA-2018995,"Proses super cepat, barang ok banget... Terima kasih",5
MTA-2018995,"packing aman
pengiriman cepat
kualitas sesuai dengan deskripsi
garansi resmi sesuai dengan deskripsi
recommended seller",5
MTA-2018995,"Barang yang dikirim cepat sampai dan produk sesuai dengan order, terima kasih Blilbli...",5
MTA-2018995,"Sesuai pesanan . thanks murah dan ori pastinya

",5
MTA-2018995,"Pengiriman cepat, barang memuaskan.",4
MTA-2018995,"Mantap nih produk nya . Terkirim sangat baik .
Pengiriman Cepat .

Thanks Blibli.com & Penjual ğŸ˜‰",5
MTA-2018995,"Barang bagus, cuma spesifikasinya berbeda dengan yang saya lihat di web Blibli. Disitu tertulis Vivo V9 Snapdragon 626, tetapi pas barang tiba saya cek ternyata Snapdragon 450. Itu saja... selebihnya, Good, good, & good................",4
MTA-2018995,Sesuai deskripsi.. recomended! Thank you,5
MTA-2018995,"fast respon, recommended",5
MTA-2018995,"Alhamdulillah .... 
pengiriman sangat cepat , barang sesuai dengan pesanan.
Terima kasih BliBli ....",5
MTA-2018995,Barang bagus packing bagus tetapi agak lama sampainya,4
MTA-2018995,"Pengiriman cepat, barang ok",5
MTA-2018995,Mantap,5
MTA-2018995,"Packing Rapi ,Pengiriman Cepat,Moga Awet ,Makasih Blibli",5
MTA-2018995,"Barang sesuai gambar, tidak ada cacat, packing baik...",5
MTA-2018995,"Terimakasih, semua baik",5
MTA-2018995,produk baik,5
MTA-2018995,sesuai deskripsi dan pengiriman cepat,5
MTA-2018995,Puaaass....tks,5
MTA-2018995,Mantap,5
MTA-2018995,"Mantap kirim cuma 3 hari keluar pulau, semoga barang awet",5
MTA-2018995,terimakasih,5
MTA-2018995,Keren harga terjangkau,5
MTA-2018995,Pengiriman cepat,5
MTA-2018995,"Paket sudah diterima, packing rapi, kecepatan pengiriman standard, respon penjual baik. Recomended....",5
MTA-2018995,Bagussss.. Semoga awet,5
MTA-2018995,Pesanan sudah nyampe pengiriman sangat cepat barang juga bagus cuma blon di coba semoga berfungsi dgn baik. Thanks seller,5
MTA-2018995,sampai saat ini puas dengan kinerja nya,5
MTA-2018995,"Cukup memuaskan
",2
MTA-2018995,"Produk sesuai deskripsi,packing sangat rapih,pengiriman kurang masa harus nunggu waktu estimasi aja.terimakasih sukses selalu",5
MTA-2018995,"Barang sampe dengan aman, cepat sampe ny pokoke kerennn",5
MTA-2018995,Barang cepat sampai ,4
MTA-2018995,Barang cepet nyampai packgin rapi,5
MTA-2018995,"barang bagus,,semoga awet dalam penggunaanx",4
MTA-2018995,"Kiriman cepat, produk bagus & fasilitas pembayaran yang fleksibel",5
MTA-2018995,"Mantap, pengiriman cepat & packing rapi",5
MTA-2018995,"Good
The best
",5
MTA-2018995,Bagus....barang cepat sampai,5
MTA-2018995,Mantap...cepat sampai,5
MTA-2018995,Terima kasih blibli ,5
MTA-2018995,baguuuuuusssss....,5
MTA-2018995,Barang sudah diterima...mudah2an sesuai pesanan dan tak ada masalah...thanks.blibli,5
MTA-2018995,Bagus pengiriman cepat sekali...,5
MTA-2018995,Produk cepat sampai. Kualitas oke. Mantap.,5
MTA-2018995,Barang ok packing ok puas bngit lah sukses terus untuk store and blibli ,5
MTA-2018995,"Tidak mengecewakan,mantap...barang sesuai packing rapi sip deh...  :)",5
MTA-2018995,"Barang mulus, packing oke, nice.. Semoga awett",5
MTA-2018995,"Pengiriman cepat, respon & penjelasan penjual baik
",5
MTA-2018995,"pelayanan nya memuaskan, terimakasih blibli",5
MTA-2018995,Gajelas,1
MTA-2018995,Paking rapih dan sesuai harapan,5
MTA-2018995,"Barang sudah diterima, pengiriman cepat",5
MTA-2018995,"barang dah sampe, sesuai pesanan, makasiiih",5
MTA-2018995,Thnks kaka barang oke,5
MTA-2018995,Packing rapi sesuai pesanan thx blibli,5
MTA-2018995,Dapat hp impian dengan diskon yg ok oce,5
MTA-2018995,okkkk,5
MTA-2018995,tgas adm,5
MTA-2018995,Amazing hp asli fast respon,5
MTA-2018995,"HP nya mantap, layar besar. puas",5
MTA-2018995,"Barang cepat dikirim, dipacking dgn rapi dan aman. Lanjutkan pelayanan yg bagus ini. Terimakasih...",5
MTA-2018995,Barang sudah di terima fast respon thx yah,4
MTA-2018995,Barang bagus ori pengiriman cepet,5
MTA-2018995,Soo good ğŸ‘ŒğŸ»ğŸ‘ŒğŸ»ğŸ‘ŒğŸ»,5
MTA-2018995,Bagus dan pengiriman cepat terima kasih,5
MTA-2018995,Mantappp barang cepat sampai...smoga awett hapenya...,4
MTA-2018995,Ok sdh di terima smg awet,5
MTA-2018995,Pengiriman cepat.. packing rapi.. dan barang bagus,5
MTA-2018995,"Selalu puas dgn seller ini..
Pengiriman cepat,,
ğŸ™ğŸ™ğŸ™",5
MTA-2018995,"Pengiriman cepat bgt, barang ok",5
MTA-2018995,okkkk,5
MTA-2018995,Produk Original ,5
MTA-2018995,"all good, packing pake bubble wrap. baru ngeh tokonya di pgc tau gitu langsung ke tkp aja ğŸ˜ƒğŸ˜ƒ",5
MTA-2018995,"Barang Bagus , puas banget",5
MTA-2018995,"Barang cepet sampe dan masih segel, cm koq gak bisa dipake buat main mobile legend yah?",5
MTA-2018995,terimakasih,5
MTA-2018995,"Pesan semalam hari ini siang sudah sampai mantap , seller fast respon :) kualitas nya bagus ",5
MTA-2018995,"Barang sudah sampai Tank You
",1
MTA-2018995,"Packing rapi, pengiriman juga cepat",5
MTA-2018995,"Trma kasih paket nya SDH saya terima
",5
MTA-2018995,pengiriman agak lama,4
MTA-2018995,Utk satu kota sih tergolong standar ga cpt sampenya (2 hari) barang masih oN test semoga awet ya terima kasih,5
MTA-2018995,"Pembelian ke dua.. good product.. sudah di terima,..",5
MTA-2018995,"barang sudah diterima pengiriman cepat pesan tgl 2 barang sampai di tanggal 3,, barang sesuai dengan spec",5
MTA-2018995,"Mantap barangnya. Packing rapi
",5
MTA-2018995,"sudah terima produknya, pengiriman cepat, tab nya ok sudah dicoba semoga awet :)",5
MTA-2018995,sangat bagus,5
MTA-2018995,sudah terima barang OK,5
MTA-2018995,unit sdh diterima hari ini,5
MTA-2018995,Terima kasih............,5
MTA-2018995,terima kasih,5
MTA-2018995,Mkasi kirimany,5
MTA-2018995,"Proses dan pengiriman cepat banget, packing rapi. Thank you",5
MTA-2018995,Pengiriman cepat dan barang sesuai dengan deskripsi.,5
MTA-2018995,Terima kasih pesanan sudah diterima hanya dalam waktu 3 hari saja. Lumayan skrg JNE sudah mau memperbaiki pesanan untuk diantar ke tujuan dan tidak seperti biasanya malah pemesan dipanggil untuk ambil ke kantor JNE Sampit,4
MTA-2018995,Brg okkk... packing aman bgs.. yg emezing nyampe nya cpt bgt.. beli 29 pagi... 30 jun sore ud smpeee....... pelayanan nyaaaaaa top markotoppppppp... ,5
MTA-2018995,barang belum di terima tolong di bantu .untuk segare dikirim ke alamat saya di jnt 02 plaju .nama kusut .no hp 085927952441,2
MTA-2018995,pesanan belum saya terima tolong di pastikan .karena di jnt 02 .plaju .iya itu saya nama kusut .no hp 085927952441.belum menerima pesanan saya .,1
MTA-2018995,"Respon cepat packing baik,.barang ori 
Pengiriman super cepat,.cuma 1 hari,..recomended seller
Thank az cell and blibli",5
MTA-2018995,"pengirimna luar biasa cepat. pesan pagi..besok siang sudah tiba di lombok, barang bagus.sangat puas sekali",5
MTA-2018995,"Saya beli lagi yg gold, semoga pengirimannya lbh cepat lagi",5
MTA-2018995,"Produk ok, pengiriman cepat, terimakasih",5
MTA-2018995,"Produk sudah diterima dengan baik, thank you Seller & Blibli.com",5
MTA-2018995,Barang bagus,5
MTA-2018995,"Barangnya cepat sampai, packing rapi, kualitas terjamin. Lain kali saya pesan lagi.",5
MTA-2018995,Kereenn... Cepat respon dan cepat sampai.. puas...,5
MTA-2018995,"sudah di terima, pengirimannya cepat, untuk HPnya sendiri blm di coba bisa...",5
MTA-2018995,Produk Bagus dan Pengriiman juga cepat,5
MTA-2018995,"packing rapi, 1 hari sampai, kardus dan segel utuh serta berfungsi dengan baik....
siiplah blibli.com",5
MTA-2018995,cepat pengirimannya,5
MTA-2018995,Joooooooosssssss ,5
MTA-2018995,"barang sdh diterima dengan baik, pengiriman cepat, packing bagus",5
MTA-2018995,Pengiriman cepat excelent thanks blibli,5
MTA-2018995,Barang sampai dng selamat,5
MTA-2018995,barang belum sya terima  sudah transfer ini gmana blibli .. ,1
MTA-2018995,Okeeeeeeeeeeey ğŸ˜,4
MTA-2018995,Keren asli.,5
MTA-2018995,"Terima kasih, barang sudah dampai, dan sesuai dengan pesanan",5
MTA-2018995,Pengiriman cepat barang mantap,5
MTA-2018995,hp middle end,5
MTA-2018995,Pengiriman rapi.. Cpt sampai.. Mksh,5
MTA-2018995,"Order tgl 7 juni,  barang nyampe tgl 12, cukup cepat krn mau lebaran,  aplg sya tinggal d daerah kabuaten tapin kalimantan selatan,  packing ckp bagus,  barang mantap,  garansi resmi apalagi harga miring banget.",5
MTA-2018995,"Mksh udH sampe bRang nya
",5
MTA-2018995,"Makasi blibli.com n j.o cell
Hp na dtg lbh cpt 6 hari dr estimasi walopun ambil sndr di gdg JNE...
Brg na ori dan packing na aman...
Sukses selalu...",5
MTA-2018995,Udah keterima,5
MTA-2018995,Cepat respon dan sangat direkomendasikan,5
MTA-2018995,"Barang sampai, kondisi ok",5
MTA-2018995,"Mantaf...
Packing rapi, barang sampai rumah aman terkendali
Estimasi sampai tgl 18-20 tapi tgl 10 dah sampai, cuma 2 hari 
Barang sudah di cek semua alhamdulillah sesuai ket & bagus... 
Semoga awetttt.... 
",5
MTA-2018995,Barang bagus. Packing lumayan rapi,5
MTA-2018995,Pengiriman cepat ,5
MTA-2018995,"Barang bagus dan packing rapi
",5
MTA-2018995,barang ok packing ok dan pengiriman cepat makasih blibli,4
MTA-2018995,Thanks blibli..pengirimannya cepat dan thanks seller AZ Cell ..hp nya ok dan dijamin original.puas banget dengan pelayanannya.barang di terima dengan baik.,5
MTA-2018995,"Pengiriman cepat, packing bagus. ",5
MTA-2018995,Prosesnya cepat. Barangnya sesuai dengan yang diharapkan. Kondisi baik.,5
MTA-2018995,barang sudah diterima,4
MTA-2018995,"recomendet seller,,,,  proses cepat, barang oke, thanks blibli dan seller az cell",5
MTA-2018995,"produk ok, pengiriman mantap",5
MTA-2018995,Fast respond dan packing rapi,5
MTA-2018995,Keren HP nya,5
MTA-2018995,"Pengiriman gosend cepat, mantap. Packing rapet lengkap dengan bubble wrap. Hape sesuai dengan gambar, keren",5
MTA-2018995,"Barang sudah diterima ,pelayanan cepat
",5
MTA-2018995,Bagus dan murah,5
MTA-2018995,"Barang sudah diterima, pengiriman cepat, kualitas original, hrg paling bagus, sdh saya cek ke bbrp toko, packing bagus dan aman",5
MTA-2018995,"Pengiriman cepat, kemasan rapi. Barang tersegel. Puas deh..",5
MTA-2018995,Barang ok tapi spesifikasinya gak sesuai deskripsi. Disitu ditulis snapdragon 626 tapi yg dateng 450,3
MTA-2018995,brg bgs. packing bagus,5
MTA-2018995,"Terima kasih seller dan blibli barangnya sudah sampai.. Cepat banget sampainya, packing rapi.. Pokoknya keren.. ğŸ˜ğŸ™",5
MTA-2018995,"Seller ini emang paling top,  saya order di tanggal merah,  tetap di kirim di hari yang sama,  pokoknya dua hari sudah sampai di medan. Thanks",5
MTA-2018995,barang sudah di terima .... kemasan bagus masih disegel .. trkendala hanya dari pihak JNE aja ... selebihnya ok ...,5
MTA-2018995,Barang di kirim rapi dan cukup cepat (reguler) ,5
MTA-2018995,"Oke sdh diterima


",5
MTA-2018995,Barang manatabbb,4
MTA-2018995,mantab,5
MTA-2018995,"Puas bgt beli dsini...
Ternyata yg tadi nya ragu alhamdulillah keraguannya terbayar karena paket nya cepet bgt sampe..
Mudah""an brang ny awet
Tks seller..
Tks bli.bli",5
MTA-2018995,Barang sesuai pesanan,5
MTA-2018995,"RESPON CEPET.
BARANG SAMPAI CEPET JUGA.
",5
MTA-2018995,"Terima kasih banyak, barang sudah diterima, proses cepat, perkiraan sampai tgl 2 juni, ternyata tgl 1 juni sudah sampai, kondisi barang sesuai sekali dengan ekspektasi saya yang ada di diskripsi,next kedepannya utk beli gadget, saya percayakan kepada seller ini.. ",5
MTA-2018995,Barang cepat sampai topp dhh,5
MTA-2018995,Barang sdh diterima,5
MTA-2018995,Cepat sampainya,5
MTA-2018995,packing baik...brg sesuai pesanan..,5
MTA-2018995,cepat barang oke punya,5
MTA-2018995,"Cepat dan bagus, trima kasih blibli",5
MTA-2018995,"Terima kasih, barang nya sudah saya terima dan lengkap, Secara keseluruhan mantap, tp mw tanya, untuk setelah segel plastik dibuka, kok segel kotak hp vivo nya sudah dalam kondisi terbuka ya gan?",4
MTA-2018995,"Ini contoh Seller terpercaya :> AZ Cell
HP sesuai dengan yang ditulis, baik spesifikasi dan harganya.
Seller yang baik dan bagus begini membuat Blibli jadi tempat pertama untuk belanja online",5
MTA-2018995,Barang ok. Packing bagus. Harga mantap. Good job,5
MTA-2018995,Lumayan cepat sampe,5
MTA-2018995,Bagus.... barang sesuai gambar...,5
MTA-2018995,Barang telah diterima dengan baik. kecepatan dan bungkusan produk sangat memuaskan,5
MTA-2018995,Kiriman cepat dan sesuai pesanan,5
MTA-2018995,"Barang yang dipesan sudah sesuai dengan pesanan,
sistemnya cepat,dan kurir nya pun bagus,
hanya dalam waktu 3hari sudah diterima barangnya.
sangat memuaskan system disini.
saya kasih bintang 5.",5
MTA-2018995,Bagus... Sangat bermanfaat...,5
MTA-2018995,Terimakasih packing rapii,4
MTA-2018995,"battery nya awet, layarnya dan warna nya bagus...paketnya cepat sampai, packaging nya rapi",4
MTA-2018995,Secara keseluruhan puas. Dan cepet sampai. ,5
MTA-2018995,Benar2 cepat sampainya,5
MTA-2018995,"Barang Bagus , KEmasan Oke,, Kiriman cepat",5
MTA-2018995,"Terima kasih Blibli, barangnya sudah diterima pachingnya rapi & cepat sampai di tujuan, untuk saat ini blum ada permasalahan karena baru dicoba.",5
MTA-2018995,"paket sudah diterima, packing rapih dan hp nya bagusss",5
MTA-2018995,Bagus... Flagship Vivo... Kamera istimewa... ,5
MTA-2018995,"pengiriman cepat, packing rapi dan harga bersaing.. thanks blibli",5
MTA-2018995,"brang sesuai dengan yang diinginkan masukan saja jika bisa proses persiapan barang sampai barang diterima bisa dipercepat, pembelian dgn cicilan merupakan salah satu keunggulan blibli..semoga sukses",4
MTA-2018995,"Kereeen,, semoga awet terima kasih",5
MTA-2018995,"Maaf kelamaan ngasih review, barang ok punya dibungkus rapi, msh segel, cuma jd nya agak repot setting sendiri, tp secara keseluruhan ok punya",5
MTA-2018995,"Barangnya cpt sampai..  
Kondisi terbungkus rapih.. 
Terimakasih",5
MTA-2018995,"Bagus dan mantap
",4
MTA-2018995,Packing bagus . Cepat sampai ,5
MTA-2018995,Cepet Pengirmannya Keren pula fitur nya thank blibli,5
MTA-2018995,"pengiriman cepat hanya dalam 2 hari, packing OK 
thank you",5
MTA-2018995,"Pesan senin, kamis sore dah nyampe..
Barangnya sesuai, g da masalah..
Tq blibli...",5
MTA-2018995,MANTABBBBBBBBBBBBBBBBBBBBB,5
MTA-2018995,"pengiriman cepat, packing rapi dan barang bagus.. tks blibli..",5
MTA-2018995,Barang udah nyampe packing aman dan cepat pengirimanny,5
MTA-2018995,"good service, recomended seller",5
MTA-2018995,thx blibli barang sudah diterima dengan baik,5
MTA-2018995,Pengiriman sangat cepat mantap,5
MTA-2018995,"Pesan kemarin tiba hari ini, thanks seller and blibli....ğŸ‘ğŸ‘ğŸ‘",5
MTA-2018995,Barang sampai selamatt,5
MTA-2018995,Perfect thanks you ,5
MTA-2018995,Barang di terima dengan baik dan cepat asli.  Thx blibli,5
MTA-2018995,Tks blibli mudah2an awet. Ponakan senang skali,5
MTA-2018995,Pengiriman express,5
MTA-2018995,Barang bagus.... Pengiriman  cepat...  Thanks,5
MTA-2018995,Vivo v9,5
MTA-2018995,Barang diterima dgn baik. Lengkap dgn bonus anti gores dan soft case.,5
MTA-2018995,mantap barang sesuai dengan deskripsi,5
MTA-2018995,Tq blibli..... Smoga awet HPnya,5
MTA-2018995,"Mantap gan,,brng sdh di terima kondisi bagus",5
MTA-2018995,"siang pesan, besok siangnya datang.jd ketagihan belanja...:D trm ksh blibli",5
MTA-2018995,"Barang sudah ditermi packing rapi,  bonus

nya juga berfungsi,  thanks 
",5
MTA-2018995,"Mantapppp gan,  respon dan pengiriman barang cepat ,trims gan",5
MTA-2018995,sejauh ini barang aman OK,5
MTA-2018995,Barang sesai diskripsi. Kamera depan bagus. Pengiriman normal.,5
MTA-2018995,Terimakasi gan,2
MTA-2018995,Packing rapi dan box hp masih dlm kondisi tersegel. Pengiriman lbh cepat dr wktu yg ditentukan. So far so good. Thanks,5
MTA-2018995,"sdh dicoba, berfungsi dgn baik",4
MTA-2018995,Barang sdh diterima dan oke ... Lebih cepat dr prediksi barang sampai ... Salut dan Terima kasih,5
MTA-2018995,"BArang Bagus, cepat sampai packing bagus",5
MTA-2018995,Best lah reseller nya,5
MTA-2018995,pengiriman cepat,5
MTA-2018995,Mantapp bagus sekali,5
MTA-2018995,Mantap ,5
MTA-2018995,mantap blibli.com,5
MTA-2018995,Sangat memuaskan makasih ,5
MTA-2018995,Thanks barang udah sampai,3
MTA-2018995,Bagus,4
MTA-2018995,"Good smartphone. Dengan layar yg luas sangat nyaman digunakan. Kamera depan yang bening banget. Satu yang gk enak banget, ketika scroll dari atas layar ataupun dari bawah layar sering nyangkutÂ² di tepi layar nya. Sangat tdk nyaman. Aplikasi bawaan yg banyak banget pun sangatÂ² tdk menyenangkan, Ram 4 gb yg tersisa cuma 1,7 an gb. Kebanyakan utk aplikasi bawaan yg gk berguna sama sekali. Utk apa ada vivo browser, vivo store, vivo cloud dan vivoÂ² lain nya, padahak gk kepake sama sekali.",3
MTA-2018995,"Barang bagus dan packing aman.... Thanks
",5
MTA-2018995,"Pengiriman cepat hari ini klik besok sudah sampai, packing rapih, sudah diasuransikan oleh seller, barang bagus sudah ada softcase di dalam box nya. thank you seller",5
MTA-2018995,"Packing baik. Tp ini dari pabrik nya emang udah pake screen protector ?
",4
MTA-2018995,Saya dengan produknya,5
MTA-2018995,Trims blubli,5
MTA-2018995,Pengiriman lamaaaa,3
MTA-2018995,"Termasuk cepat sampai pengiriman nya, semoga hp nya ga ada kendala. ",4
MTA-2018995,"Terpercaya dengan kualitas yg baik







",5
MTA-2018995,Barangnya bagus,5
MTA-2018995,"Respon penjual sangat baik, harga baik, produk baik, packingan baik, Terima kasih atas pelayanannya...",5
MTA-2018995,"Good product , semoga awet",5
MTA-2018995,"Packing kurang rapi dan segel pun sdh tdk utuh lagi alias sdh di buka
Its ok lah yg penting barang nya original dan bener2 masih gress new 

Tq Blibii, Tq jg buat KREDIVO LOveeee
",5
MTA-2018995,respon cepat dan bagus,4
MTA-2018995,"Respon seller cepat, barang langsung dikirim. Recommended seller",5
MTA-2018995,Blibli.Com TOP Markotop,5
MTA-2018995,Alhamdulillah cukup bagus,5
MTA-2018995,Top deh,5
MTA-2018995,Pengiriman sangat cepat,5
MTA-2018995,"Baramg sesuai pesanan, cuma pengiriman lama",5
MTA-2018995,Barangnya bagus sesuai dengan deskripsinya.... Terimaksih,5
MTA-2018995,mantab. vivo v9 nya hebatt..  packing muluss,5
MTA-2018995,Perfect,5
MTA-2018995,kereeeeen..... muraaah,5
MTA-2018995,Bagus,5
MTA-2018995,Luar biasa pengiriman yg cepat trimaksih blibli,5
MTA-2018995,bagus buat selfit,5
MTA-2018995,Hape sampai dgan aman dan produk bagus,5
MTA-2018995,"Pengiriman cepat cuma satu hari 
Packing rapih
Produk sesuai dengan deskripsi 
Cuma yang bikin kesel pelayanan dari pihak bliblinya nggak memuaskan 
RECOMENDED lah ğŸ‘ğŸ‘",5
MTA-2018995,Quality sesuai descripsi..  Dan respond cepat..  Customer service bagus,5
MTA-2018995,Pesanan sesuai dan diterima dalam kondisi baik,5
MTA-2018995,"Lumayan bagus, order senin same rabu lumayan cepat.. Trima kasih blibli",5
MTA-2018995,"packing rapi... 
harga super murah...
thanks seller thanks blibli",5
MTA-2018995,Diterima dengan kondisi baik,5
MTA-2018995,"Barang sesuai pesanan, cuma pengiriman nya lama.. Pesan tgl 7 dtg tgl 16 padahal estimasi max tgl 13.. Konfirmasi penerimaan barang otomatis oleh blibli, pdhl  barang baru sampe, untung aja barang nya ga masalah..  Untuk penjual tolong untuk jadwal pengiriman di perbaiki, untuk blibli banyak yang harus di perbaiki, klo seperti ini blibli tertinggal jauh ol shop sebelah.. ",3
MTA-2018995,"Produk sesuai pesanan & berfungsi baik. 
Harga bersaing. Pengiriman agak sedikit lama. ",5
MTA-2018995,Very fast delivery but there was issue with the display screen on and off like a lamp about to be broken. ,5
MTA-2018995,"Barang sesuai dan bagus banget,  cuma pengirimannya agak lama banget... Tapi mantapplah",5
MTA-2018995,Produk bagus packing rapi,5
MTA-2018995,okkkk,5
MTA-2018995,"The best ,.. I like blibli.com",5
MTA-2018995,It was very fast delivery. Order at 8pm. Arrived at 11am. ,5
MTA-2018995,"Hargaa murah.. tapi kartu garansinya gak di cap toko dan tanpa invoice..
But overall pengiriman oke, packing aman..
",5
MTA-2018995,Tq....dapat gifx box speaket bluetooth,5
MTA-2018995,Good and prefect,5
MTA-2018995,Nice produk dan cepat proses nya,5
MTA-2018995,"Good, but the chipset is not matching with description
",4
MTA-2018995,mantap jiwa,5
MTA-2018995,"Pesan selasa sampai kamis,pesan warna BLACK MATE (HITAM) yang datang warna GOLD (EMAS) ",3
MTA-2018995,"harganya luar biasa murah euy,,,kondisi segel box sdh terbuka, tp ada note kenapa segel dibuka....tks",5
MTA-2018995,"Puas, produk sesuai",5
MTA-2018995,Tepat waktu..psking rapi..pokok nys is the best deh....tks blibli.com,5
MTA-2018995,"Ok!Order selasa,sampe Jumat,seller d jkt buyer d smg",4
MTA-2018995,"Oke barang sudah di terima dalam waktu sesingkatnya dengan warna GOLD (padahal pesan BLACK tapi katanya GAK READY), namun sudah ada konfrimasi langsung dari toko sebelumnya..tks blibli!",5
MTA-2018995,"Pengiriman cepat dan rapi
Tapi sayang warna tidak sesuai dengan pesanan",4
MTA-2018995,"Sorry baru kasih ulasan. Sebenernya barang sudah di terima hari kamis. Maaf ya,

Untuk barangnya. Terjamin banget packing nya rapih aman,keasliannya juga terjamin,pokoknya the best deh, pengiriman nya juga cepeeet bangeeeet. Puas bangeeet. Thank you",5
MTA-2018995,"Barang sesuai pesanan, packing bags sangat aman Dan sampai tujuan tepat waktu.... Vivo V9 mantapppp.... ğŸ‘ğŸ‘ğŸ‘",5
MTA-2018995,"Pesanan warna black matte, datengnya warna gold, packing tidak pakai kayu, beresiko besar pada saat pengiriman, walaupun begitu, saya terima dalam kondisi baik",3
MTA-2018995,"Sementara sampai saat ini bagus saja, karena Blom ada kendala, semoga saja tidak ada kendala dan masalah",5
MTA-2018995,Cepet bgd smpe'a,5
MTA-2018995,Pilih warna hitam yang datang gold haduhhhh,3
MTA-2018995,"Terima kasih barang sudah saya terima walau warna tidak sesuai, namun sudah ada konfrimasi dari toko sebelumnya & saat ini sedang kami charge sebelum digunakan.",5
MTA-2018995,"barang bagus, packaging bagus",5
MTA-2018995,"paket sudah sampai 
tapi kenapa bukan hitam yah
padahal saat pemesanan warna hitam",3
MTA-2018995,Penjual sangat proaktif dan bertanggung jawab. Selalu bisa dihubungi dan bisa dipercaya. Terima kasih untuk service nya!,5
MTA-2018995,"kemasan pengiriman HP spt kemasan pengiriman bahan kimia berbahaya
",5
MTA-2018995,Keren banget ,5
CAP-60034-00008,"Produk sudah di terima dgn baik, kualitas mantap",5
CAP-60034-00008,Smoga tdk ada masalah,4
CAP-60034-00008,Matap gan terima kasih bintang 10......ğŸ‘ğŸ‘ğŸ‘ğŸ‘ğŸ‘,5
CAP-60034-00008,Ok,5
CAP-60034-00008,Mksi barangx datang dengen slamattt..,5
CAP-60034-00008,Produk bagus sesuai deskripsi ,5
CAP-60034-00008,"barang sesuai pesanan,mantap ",5
CAP-60034-00008,Mantap tingkatkan,5
CAP-60034-00008,pengiriman cepat...barang murah...,5
CAP-60034-00008,Produk berfungsi dengan baik.,5
CAP-60034-00008,"pengiriman cepat dan packingnya juga aman bgt.
terima kasih seller",5
CAP-60034-00008,"Barang ori, packing sangat sangat rapih. Sangat memuassssskan",5
CAP-60034-00008,Proses pengirimannya lama....,5
CAP-60034-00008,Top,5
CAP-60034-00008,Terima Kasih ,4
CAP-60034-00008,Produk Ok Punya,5
CAP-60034-00008,"barangnya bagus, pengiriman cepat",5
CAP-60034-00008,OKE !!!!,5
CAP-60034-00008,Memuaskan pelayanan cepat,5
CAP-60034-00008,sesuai pesanan. Thank you,4
CAP-60034-00008,Terimakasih seller,5
CAP-60034-00008,"Hp berfungsi sebagaimana mestinya, kata orang sih bekerja Normal.",5
CAP-60034-00008,barang sudah diterima dengan baik,4
CAP-60034-00008,Thank Blibi,4
CAP-60034-00008,"Packing baik, pengirimannya cepet, harganya paling murah dibanding toko sebelah ",5
CAP-60034-00008,"cepat dan rapi juga ya, belum dibuka dan dicoba hp nya",5
CAP-60034-00008,"Barang berfungsi dengan baik, harga OK",5
CAP-60034-00008,"packing rapi, thanks",5
CAP-60034-00008,Keren skaliiiii,5
CAP-60034-00008,Produk berfungsi dgn baik,5
CAP-60034-00008,"packing bagus, pengiriman cepat...",5
CAP-60034-00008,Barang mulus tanpa sedikitpun goresan,4
CAP-60034-00008,ğŸ‘ğŸ»ğŸ‘ğŸ»ğŸ‘ğŸ»ğŸ‘ğŸ»,5
CAP-60034-00008,"Sesuai pesanan . thanks murah dan ori pastinya

",5
CAP-60034-00008,"Cukup memuaskan
",2
CAP-60034-00008,Barang cepat sampai ,4
CAP-60034-00008,"Kiriman cepat, produk bagus & fasilitas pembayaran yang fleksibel",5
CAP-60034-00008,Mantap...cepat sampai,5
CAP-60034-00008,Produk cepat sampai. Kualitas oke. Mantap.,5
CAP-60034-00008,Gajelas,1
CAP-60034-00008,tgas adm,5
CAP-60034-00008,Amazing hp asli fast respon,5
CAP-60034-00008,"HP nya mantap, layar besar. puas",5
CAP-60034-00008,"Barang cepat dikirim, dipacking dgn rapi dan aman. Lanjutkan pelayanan yg bagus ini. Terimakasih...",5
CAP-60034-00008,Barang sudah di terima fast respon thx yah,4
CAP-60034-00008,Bagus dan pengiriman cepat terima kasih,5
CAP-60034-00008,okkkk,5
CAP-60034-00008,terimakasih,5
CAP-60034-00008,pengiriman agak lama,4
CAP-60034-00008,Utk satu kota sih tergolong standar ga cpt sampenya (2 hari) barang masih oN test semoga awet ya terima kasih,5
CAP-60034-00008,"Pembelian ke dua.. good product.. sudah di terima,..",5
CAP-60034-00008,Terima kasih pesanan sudah diterima hanya dalam waktu 3 hari saja. Lumayan skrg JNE sudah mau memperbaiki pesanan untuk diantar ke tujuan dan tidak seperti biasanya malah pemesan dipanggil untuk ambil ke kantor JNE Sampit,4
CAP-60034-00008,"Saya beli lagi yg gold, semoga pengirimannya lbh cepat lagi",5
CAP-60034-00008,"Produk ok, pengiriman cepat, terimakasih",5
CAP-60034-00008,"sudah di terima, pengirimannya cepat, untuk HPnya sendiri blm di coba bisa...",5
CAP-60034-00008,"Barang sampai, kondisi ok",5
CAP-60034-00006,Barang sudah diterima.thx,5
CAP-60034-00006,Ok,5
CAP-60034-00006,"Puas, semuanya oke sesuai spesifikasi",5
CAP-60034-00006,Sip,5
CAP-60034-00006,Mantap,4
CAP-60034-00006,Kualitas blm berani koment krn blm tau kedepannya bagus or tdk,3
CAP-60034-00006,Packing baik dan pengiriman cepat....barang sesuai dengan deskripsi... recommended seller,5
CAP-60034-00006,Order kedua. Barang sesuai deskripsi dan pengiriman tetap cepat. Mantap..,5
CAP-60034-00006,aaaaa memuaskaan .. barang sudah sampai .. cepat sekali .. produk juga ori . thanks .. recommend banget belanja di toko ini,5
CAP-60034-00006,Original dan murahh..,4
CAP-60034-00006,Thanks God,5
CAP-60034-00006,Terima kasih sdh sampe lebih cepat dr wkt yg diperkirakan,5
CAP-60034-00006,"Benar benar senang rasa nya saya beli di seller ini, sudah cepat kirimannya , rapi dalam pembungkusannya pakai pelindung pula, sesuai lagi diskripsi nya dapat soft case serta handset lengkap isi dalam dus nya, jika ada rejeki lagi ingin saya beli di seller ini untuk anak saya yg rencana nya dekat2 ini hari.trimakasih seller semoga tambah sukses dan kaya selalu amin YRA",5
CAP-60034-00006,Produk  nya ori..  Khualitas baik.  Harga memuaskan..  Rekomen.. ,5
CAP-60034-00006,"ini adalah pesanan perdana saya dengan blibli.com, dan akan ada pesanan lainnya yang akan saya lakukan dengan layanan yang baik seperti ini.",5
CAP-60034-00006,Mantap bah.... ,5
CAP-60034-00006,Sangat baik ,5
CAP-60034-00006,Overall okey8,5
CAP-60034-00006,Ok,5
CAP-60034-00006,terima kasih,5
CAP-60034-00006,Produk bagus. Pengiriman cepat.,5
CAP-60034-00006,Packingan baik.pengiriman cepat banget,5
CAP-60034-00006,Sesuai pesanan ,5
CAP-60034-00006,Pengiriman Cepat,5
CAP-60034-00006,Sangan direkomendasikan...,5
CAP-60034-00006,Pengiriman cepat sekali..cuma 3 hari sudah datang..padahal estimati tgl 23..mksh blibli..next beli lagi.packing rapi dan buka segel sendiri vivo v9 nya..,5
CAP-60034-00006,ğŸ‘ğŸ‘ğŸ‘ğŸ»ğŸ‘ğŸ»ğŸ‘ğŸ»ğŸ‘ğŸ»ğŸ‘ğŸ»,5
CAP-60034-00006,"Mantap barang bagus, semoga awet",5
CAP-60034-00006,Ok sajalah,5
CAP-60034-00006,Kerennn barang sampai dengan cepat. Tanks... Rekomendasi banget untuk belanja disini sesuai datang barangnya dan hp berfungsi dengan baik,5
CAP-60034-00006,Ok  bgt,5
CAP-60034-00006,"Pengiriman cepat, barang oke smoga awet.. Tks blibli",5
CAP-60034-00006,Barang ok. Harga ok banget,5
CAP-60034-00006,"Barang diterima cepat, mudah2an awet dan berfungsi dengan baik. Terima kasih",4
CAP-60034-00006,"barang sesuai desc, no cacat, datang sesuai perkiraan waktu... aman lah beli hp disini, ga repot ga perlu kemana mana, cukup ketak ketik brg datang..haha...",5
CAP-60034-00006,"Pengiriman cepat, packing rapi dan kondisi barang bagus",5
CAP-60034-00006,terimakasih,5
CAP-60034-00006,Kurang memuaskan proses terlalu lama membutuhkan waktu 3 hari.beda sama saya belanja sebelumnya 1 hari udah statusnya d kirim,3
CAP-60034-00006,Murah,5
CAP-60034-00006,Sesuai dg pesanan dan tepat waktu,5
CAP-60034-00006,bagus,5
CAP-60034-00006,mantap barang ok dua hari sampai...paking rapi,5
CAP-60034-00006,Pengiriman cepat,5
CAP-60034-00006,"Barang nyampe cepat, hanya penyok sdikit dus bagian bawahnya, mungkin dari pihak pengirimnya .. Its oke and no problem",5
CAP-60034-00006,"Brg bagus nyampe juga cpt
Terimakasih blibli",5
CAP-60034-00006,pengiriman cepat,5
CAP-60034-00006,sampeeeeeerer,5
CAP-60034-00006,Proses pengiriman cepat ,5
CAP-60034-00006,"mantab .... garansi resmi segel, jd murah sama promo blibli. Thx",5
CAP-60034-00006,Pesanan sudah sampai dengan packing lumayan rapi. Terima kasih blibli.,4
CAP-60034-00006,Proses cepat barang ok...,5
CAP-60034-00006,Lama sekali sampenya.jkt mlg masak 7 hari baru sampe.parah blibli.kecewa.,1
CAP-60034-00006,Pengiriman cepat dan barang okee,5
CAP-60034-00006,Barang di kirim sesuai dengan deskripsi. Sudah dipakai dan kamera nya mantap. Sudah dapet anti gores dan sudah terpasang. Dapat softcase bening juga. Terima kasih.,5
CAP-60034-00006,"Packing rapi dengan buble plastic, cepat.. Nice",5
CAP-60034-00006,Recomen seller..pengiriman sesuai estimasi barang oke packing oke,5
CAP-60034-00006,"Mantap kameranya tajam, layarnya besar dan ramping, hpnya tipis enteng dipegangnya. ...",4
CAP-60034-00006,Pengiriman cepat. Produk ok.Mantap recommended .sip.Thanks,5
CAP-60034-00006,"sesuai dengan harapan, terima kasih blibli",5
CAP-60034-00006,Sudah diterima sesuai pemesaanan dan respom cepat,5
CAP-60034-00006,"Barang sudah di terima, sesuai deskripsi ğŸ‘",5
CAP-60034-00006,"Vivo V9 spec mantab, harga bersaing..",5
MTA-1896842,"Pengiriman tidak packing kayu.
Bonus sling bag langsung dikirim bersama kamera. Respon penjual OK. Produk OK, sesuai pesanan.
",4
MTA-1896842,"bagus semuanya . Promo bagus , harga bagus, bonus juga oke. Kiriman cepat dikirim, recomended seller . Sukses selalu",5
MTA-1896842,Recommended!! 5 star,5
MTA-1896842,"Discon menarik sekali..  
Kalau bisa lebih banyak kakak",5
MTA-1896842,LUar biasa Cepat dan Baik.. Garansi Resmi,5
MTA-1896842,"Barang Ori. Kemasan Rapi, Garansi Resmi. Promo Luar Biasa",5
MTA-1896842,"Barang Garansi Resmi, Packing Rapi, Barnag Cepat Sampai",5
MTA-1896842,Great.. Barang semua bergaransi Resmi. Bagus.. Rapi dan promonya dasyat,5
MTA-1896842,Barang sesuai deskripsi,5
MTA-1896842,"Packing rapi, hadiah komplit (tas, kamera, memry card), pengiriman cepat ğŸ‘ğŸ½",5
MTA-1896842,Pesanan sudah diterima mantap luar biasa. Banyak bonus mantapppppp...pelayanan terbaik the best tiada dua nya!,5
MTA-1896842,Bagus dan cepat prosesnya,5
MTA-1896842,Barang diterima dengan baik..,5
MTA-1896842,"Pengiriman sangat cepat, senin pesan sore sudah ada di tangan pake GoSend",5
MTA-1896842,"Barang cepat sampai, bekerja dengan baik, tidak mengecewakan bonusnya..",5
MTA-1896842,mantap,5
MTA-1896842,trima kaish,5
MTA-1896842,"Cepet banget,  jam 14 pesen jam 17 sampe..  Wow.. ",5
MTA-1896842,gudsss,5
MTA-1896842,Manthab,4
MTA-1896842,Barang sudah sampai dan sesuai terima kasih,5
MTA-1896842,"Thank you blibli, barang datang dengan cepat tepat 3 hari dari order, packing rapi dan sangat aman, dengan packing kayu. Barang tepat sesuai dan garansi resmi.",5
MTA-1896842,Barangnya cepat sampai terimakasih.. ğŸ˜,5
MTA-1896842,Good seller ,5
MTA-1896842,"Barang sesuai pesanan, kualitas dan spec produk sesuai deskripsi, seller ok banget, order jam 10 pagi barang sudah terima jam 2 siang via go send, padahal masih H+4 lebaran, plus bonus sling bag yg hrsnya klaim sendiri di fuji dibantu prosesnya sm seller dan dikirim bersama produk, packing jg rapi, tks focus nusantara & blibli, puas banget sm servis & responnya..",5
MTA-1896842,"Barang sesuai pesanan garansi Fuji, beli pakai voucher dapat bonus meski tas belum diambil karena harus ke Fuji langsung. Thanks Blibli n fujishopid.",5
MTA-1896842,"Ku suka .. 
Thks ka barangnya cepet sampainya..",5
MTA-1896842,Good product Good seller.,5
MTA-1896842,"Pengirman cepat tepat. Paking kayu ok
Recomended beli kamera ga was2",5
MTA-1896842,"kamera overall kondisi bagus, pengirman cepat dari sellernya",5
MTA-1896842,oke bangt,5
MTA-1896842,"Mantap, barang sesuai, pengiriman cepat",5
MTA-1896842,"Barang cepat sampai, bahkan hari minggu tetap ada pengiriman.",5
MTA-1896842,Barang sudah diterima. Terima Kasih,4
MTA-1896842,"Good product, Good Seller, Thanks Blibli",5
MTA-1896842,"Pengiriman cepat dan rapi , 
Sedikit masukan , Mungkin perlu di packing peti kayu supaya lebih amanğŸ™‚",4
MTA-1896842,"Pengiriman cepat, barang sesuai dg deskripsi (+instax dan sdcard juga), garansi resmi dari fujifilm. Memuaskan sekali. Thank youuu fujishop! :D ",5
MTA-1896842,tq blibli,5
MTA-1896842,"Fuji xa-5 keren! Thanks fujishopid dan blibli, pengiriman cepat, packing kayunya manteb, free ongkir lagi",5
MTA-1896842,Good Product . Sudah diterima dengan baik.,5
MTA-1896842,Barangnya bagus,5
MTA-1896842,"Terima kasih, barang sudah sampai dengan cepat dan aman",5
MTA-1896842,"Recommended seller....barang diterima ddalam kondisi baik, packing bagus, pengiriman cepat, thx",5
MTA-1896842,"Yeaaay..kameranya udah sampe..suka bnget. ğŸ˜
Pesen Kamis..Senin udah ditangan.
Packing cukup aman sehingga barang nyampe dgn mulus.Harga termurah pula. Gak bonus memory sih,tak masalah. Makasi blibli & kamerakamera ğŸ™ğŸ¼ğŸ˜Š",5
MTA-2191504,Barang sudah diterima.thx,5
MTA-2191504,Ok,5
MTA-2191504,"Kamera oke, ngecas cepat, baterai awet. Thanks",4
MTA-2191504,"Puas, semuanya oke sesuai spesifikasi",5
MTA-2191504,Ok lah garansi resmi,5
MTA-2191504,Sip,5
MTA-2191504,Mantap,4
MTA-2191504,Kualitas blm berani koment krn blm tau kedepannya bagus or tdk,3
MTA-2191504,Packing baik dan pengiriman cepat....barang sesuai dengan deskripsi... recommended seller,5
MTA-2191504,Order kedua. Barang sesuai deskripsi dan pengiriman tetap cepat. Mantap..,5
MTA-2191504,aaaaa memuaskaan .. barang sudah sampai .. cepat sekali .. produk juga ori . thanks .. recommend banget belanja di toko ini,5
MTA-2191504,Snapdragon sy tanya Snapdragon 626 tp sy terima 450 tolong di tukar..,1
MTA-2191504,Original dan murahh..,4
MTA-2191504,Thanks God,5
MTA-2191504,okee abis,5
MTA-2191504,Terima kasih sdh sampe lebih cepat dr wkt yg diperkirakan,5
MTA-2191504,"Benar benar senang rasa nya saya beli di seller ini, sudah cepat kirimannya , rapi dalam pembungkusannya pakai pelindung pula, sesuai lagi diskripsi nya dapat soft case serta handset lengkap isi dalam dus nya, jika ada rejeki lagi ingin saya beli di seller ini untuk anak saya yg rencana nya dekat2 ini hari.trimakasih seller semoga tambah sukses dan kaya selalu amin YRA",5
MTA-2191504,Produk  nya ori..  Khualitas baik.  Harga memuaskan..  Rekomen.. ,5
MTA-2191504,"ini adalah pesanan perdana saya dengan blibli.com, dan akan ada pesanan lainnya yang akan saya lakukan dengan layanan yang baik seperti ini.",5
MTA-2191504,Mantap bah.... ,5
MTA-2191504,Sangat baik ,5
MTA-2191504,Overall okey8,5
MTA-2191504,Ok,5
MTA-2191504,terima kasih,5
MTA-2191504,Alhamdulilah barang telah diterima ,5
MTA-2191504,Produk bagus. Pengiriman cepat.,5
MTA-2191504,Packingan baik.pengiriman cepat banget,5
MTA-2191504,barang ok rapi dan cepat kirim nya,5
MTA-2191504,Sesuai pesanan ,5
MTA-2191504,Pengiriman Cepat,5
MTA-2191504,Sangan direkomendasikan...,5
MTA-2191504,Pengiriman cepat sekali..cuma 3 hari sudah datang..padahal estimati tgl 23..mksh blibli..next beli lagi.packing rapi dan buka segel sendiri vivo v9 nya..,5
MTA-2191504,ğŸ‘ğŸ‘ğŸ‘ğŸ»ğŸ‘ğŸ»ğŸ‘ğŸ»ğŸ‘ğŸ»ğŸ‘ğŸ»,5
MTA-2191504,"Mantap barang bagus, semoga awet",5
MTA-2191504,Ok sajalah,5
MTA-2191504,Kerennn barang sampai dengan cepat. Tanks... Rekomendasi banget untuk belanja disini sesuai datang barangnya dan hp berfungsi dengan baik,5
MTA-2191504,Ok  bgt,5
MTA-2191504,"Pengiriman cepat, barang oke smoga awet.. Tks blibli",5
MTA-2191504,Barang ok. Harga ok banget,5
MTA-2191504,"Barang diterima cepat, mudah2an awet dan berfungsi dengan baik. Terima kasih",4
MTA-2191504,"barang sesuai desc, no cacat, datang sesuai perkiraan waktu... aman lah beli hp disini, ga repot ga perlu kemana mana, cukup ketak ketik brg datang..haha...",5
MTA-2191504,"Pengiriman cepat, packing rapi dan kondisi barang bagus",5
MTA-2191504,terimakasih,5
MTA-2191504,Kurang memuaskan proses terlalu lama membutuhkan waktu 3 hari.beda sama saya belanja sebelumnya 1 hari udah statusnya d kirim,3
MTA-2191504,Murah,5
MTA-2191504,Sesuai dg pesanan dan tepat waktu,5
MTA-2191504,bagus,5
MTA-2191504,mantap barang ok dua hari sampai...paking rapi,5
MTA-2191504,Pengiriman cepat,5
MTA-2191504,"Barang nyampe cepat, hanya penyok sdikit dus bagian bawahnya, mungkin dari pihak pengirimnya .. Its oke and no problem",5
MTA-2191504,"Brg bagus nyampe juga cpt
Terimakasih blibli",5
MTA-2191504,pengiriman cepat,5
MTA-2191504,"Pengiriman cepat...produk baik dan berfungsi dengan sempurna,...pengiriman cepat ke Baturaja 5 hari...salut terima kasih blibli....sukses dan selalu yang terbesar..",5
MTA-2191504,Thanks Blibli.com,5
MTA-2191504,sampeeeeeerer,5
MTA-2191504,Proses pengiriman cepat ,5
MTA-2191504,"mantab .... garansi resmi segel, jd murah sama promo blibli. Thx",5
MTA-2191504,Pesanan sudah sampai dengan packing lumayan rapi. Terima kasih blibli.,4
MTA-2191504,Proses cepat barang ok...,5
MTA-2191504,Lama sekali sampenya.jkt mlg masak 7 hari baru sampe.parah blibli.kecewa.,1
MTA-2191504,Pengiriman cepat dan barang okee,5
MTA-2191504,Barang di kirim sesuai dengan deskripsi. Sudah dipakai dan kamera nya mantap. Sudah dapet anti gores dan sudah terpasang. Dapat softcase bening juga. Terima kasih.,5
MTA-2191504,"Packing rapi dengan buble plastic, cepat.. Nice",5
MTA-2191504,Recomen seller..pengiriman sesuai estimasi barang oke packing oke,5
MTA-2191504,"Mantap kameranya tajam, layarnya besar dan ramping, hpnya tipis enteng dipegangnya. ...",4
MTA-2191504,Pengiriman cepat. Produk ok.Mantap recommended .sip.Thanks,5
MTA-2191504,"sesuai dengan harapan, terima kasih blibli",5
MTA-2191504,Sudah diterima sesuai pemesaanan dan respom cepat,5
MTA-2191504,"Barang sudah di terima, sesuai deskripsi ğŸ‘",5
MTA-2191504,"Vivo V9 spec mantab, harga bersaing..",5
MTA-2191504,Kiriman sudah sesuai pesanan dan sudah diterima dgn baik,5
MTA-2191504,Kiriman sudah sesuai pesanan dan sudah diterima dgn baik,5
MTA-2191504,"barang bagus dan cepat sekali sampainya, dipacking nya juga rapih dan menggunakan bubble, sepp dah blibli",5
MTA-2191504,okeeeee,5
MTA-2191504,barang dan spesifikasi sesuai pesanan. pengiriman  cepat. recommended seller.,5
MTA-2191504,semoga awet .. !!,5
MTA-2191504,"Pengiriman cepat, packingan rapi dan barang bagus",5
MTA-2114638,Sangat memuaskan ,5
MTA-2114638,Barang berfungsi & kami terima dengan baik. Semoga awet!,5
MTA-2114638,Produk oke sampai saat ini... gak ada kendala. Mudah2an awet dan gak ada masalah apa2,5
MTA-2114638,bagus dan original,5
MTA-2114638,"produk berfungsi dengan baik dan pengiriman juga cepat, thanks seller dan blibli",5
MTA-2114638,"Cepat responnya dan barang cepat sekali sampai, mantappp!!!!",5
MTA-2114638,Barang diterima dengan baik dan berfungsi dengan baik,5
MTA-2114638,okeh... walopun merchantnya butuh 1 hari utk manggil kurir blibli.. thx,5
MTA-2114638,Thanks Blibli.. Belanja makin mudah di Blibli..,5
MTA-2010936,okeeeee,4
MTA-2010936,okeeee,4
MTA-2010936,okeeeee,5
MTA-2010936,Sementara aman,5
MTA-2010936,Barang OK,5
MTA-2010936,Niceee and excellent service..,5
MTA-2010936,Okeeeee,5
MTA-2010936,bagus,5
MTA-2010936,bagus,5
MTA-2010936,Erafone mah kirimnya lambret,5
MTA-2010936,Pengiriman cepet,5
MTA-2010936,Nice Product,5
MTA-2010936,"Pengiriman super cepet, barang bagus",5
MTA-2010936,One of the best phone by Samsung.,5
MTA-2099353,Sesuai...,4
MTA-2099353,pengiriman agak lambat tetapi barang bagus,5
MTA-2099353,"Pengiriman cepat, barang sesuai dan tersegel rapih,",5
MTA-2099353,"Sementara cuma bisa komen untuk pengiriman, lumayan cepat sesuai estimasi. Sisanya belum dibuka barangnya.",5
MTA-2099353,"3hari sampai(tp barangya berbeda) setelah klaim dan bla. Bla. Bla. 18hr kmudian barang datang.

Terima kasih.. ",5
MTA-2099353,Hp keren,4
MTA-2099353,"Pesanan telah diterima dengan baik. Pengiriman cepat, packing bagus",5
MTA-2099353,pengiriman cepat barang sesuai,4
MTA-2099353,"Pengiriman cepat, besok sudah sampai, walaupun COD pengemasan rapih, suka banget, orangnya juga ramah",5
MTA-2099353,"Barang sampai dgn slmat , packing rapi godd jobğŸ‘",5
MTA-2099353,Mantap..sesuai ekspetasi...mksih...,4
MTA-2099353,"pengiriman cepat, garansi resmi, mantap",5
MTA-2099353,Segel sudah kebuka..semoga tidak ada masalah,4
MTA-2099353,Barang datang dengan selamat dan ok..pengiriman cepat bgt,5
MTA-2099353,Sangat memuaskan ,5
MTA-2099353,Produk baru segel dan garansi resmi honor indonesia,5
MTA-2099353,Good thanks,5
MTA-2099353,Mantap,5
MTA-2099353,"Pengiriman cepet sampai, barang tidak lecet, semoga memuaskan",5
MTA-2099353,"Produk oke.. kiriman oke.
Cuma Nota nya salah type HP nya",4
MTA-2099353,pesanan telah sampai dan di terimah dengan baik,5
MTA-2099353,Good.. Thx blibli,5
MTA-2099353,"Produk OK, fast response, recommeded seller",5
MTA-2099353,"Respon cepat, packing bagus, barang bergaransi...ğŸ‘ğŸ‘ğŸ‘
Sdh dipake n ga da masalah.",5
MTA-2099353,"Barang sampe
Pengiriman cepat
Terima kasih blibli",5
MTA-2099353,"Cepat dan pass Thanks blibli.com
",5
MTA-2099353,Tq pengiriman nya sangat cepat,5
MTA-2099353,"Products sampe dengan selamat, walau agak terlambat dalam pengirimannya, but it ok",5
MTA-2099353,Barang sampai dengan baik . Packaging rapi,5
MTA-2099353,Barang cepet sampai gan mksh bnyk. Moga awet,5
MTA-2099353,Rekomended produk. Namun pengirimannya lama. Packing rapih. Semoga bisa awet. ,5
MTA-2099353,hp nya bagus.,4
MTA-2099353,"Ok thank barang ok
",5
MTA-2099353,Packaging rapi . Dan proses pemesanan cepat . ,5
MTA-2099353,Cepat datangnya barang,5
MTA-2099353,"Barang ok ssi diskripsi..
",4
MTA-2099353,Thx seller dan blibli,5
MTA-2099353,Tepat waktu hebat tabasco,5
MTA-2099353,"Makasih..barangnya tiba dengan baik , puas pakainya..moga awet",5
MTA-2099353,Sip...,4
JOC-60021-00105,Produk sesuai dgn pesanan. Trims,5
JOC-60021-00105,Smoga tdk ada masalah,4
JOC-60021-00105,"Packing Woke Banget,Pengiriman Juga Cepet ,sesuai Keinginan ku,Harrga Juga Miring Banget Dari Sebelahnya Rekomended Merchannya,Thank Blibli",5
JOC-60021-00105,Sesuai dengan ekspektasi,5
JOC-60021-00105,"Good handphone,, thank.. ",5
JOC-60021-00105,Mantap Gan,5
JOC-60021-00105,Ok,5
JOC-60021-00105,Barang bagus..pengjriman cepat,5
JOC-60021-00105,Murah dan terpercaya,5
JOC-60021-00105,bagus,5
JOC-60021-00105,Spesifikasi canggih dengan harga terjangkau. Harga promo lebih murah dan free ongkir hanya di Blibli...,5
JOC-60021-00105,Barang bagus packing bagus tetapi agak lama sampainya,4
JOC-60021-00105,terimakasih,5
JOC-60021-00105,Barang cepet nyampai packgin rapi,5
JOC-60021-00105,Barang sudah diterima...mudah2an sesuai pesanan dan tak ada masalah...thanks.blibli,5
JOC-60021-00105,Ok sdh di terima smg awet,5
JOC-60021-00105,Barang bagus,5
JOC-60021-00105,Barang sampai dng selamat,5
JOC-60021-00105,barang belum sya terima  sudah transfer ini gmana blibli .. ,1
JOC-60021-00105,Pengiriman cepat barang mantap,5
JOC-60021-00105,"Makasi blibli.com n j.o cell
Hp na dtg lbh cpt 6 hari dr estimasi walopun ambil sndr di gdg JNE...
Brg na ori dan packing na aman...
Sukses selalu...",5
JOC-60021-00105,Keren HP nya,5
JOC-60021-00105,"Barang Bagus , KEmasan Oke,, Kiriman cepat",5
MTA-2211809,"Akhirnya bisa dapat kamera yang oke, harga oke kualitas mantap",5
MTA-2211809,Bagus,5
MTA-2211809,"Good, terimaksih blibli",5
MTA-2211809,Okeeeee,5
MTA-2211809,"kereeennn, cepet pengirimannya",5
MTA-2211809,Barang sudah terima dengan baik,5
MTA-2211809,Barang sudah di terima packing baik,5
MTA-2211809,Barang diterima dengan baik dan respon seller cepat.. Tks blibli ,5
MTA-2018996,Good,5
MTA-2018996,Good,5
MTA-2018996,Pesanan VIVO V9 Smartphone - Gold [64GB/4GB] Gold & telah berfungsi dengan baik,5
MTA-2018996,Bagus,5
MTA-2018996,Sesuai dengan ekspektasi,5
MTA-2018996,"Pengiriman cepat, produk original",5
MTA-2018996,"brg cepat sampai, packing lumayan aman",5
MTA-2018996,"pengiriman sangat cepat, packing lumayan aman, thanks",5
MTA-2018996,sesuai pesanan,5
MTA-2018996,"Mantabs,pengiriman juga cepat. Terima kasih",5
MTA-2018996,"produk ok masih di pakai sampai sekarang, pengiriman juga kilat.",5
MTA-2018996,Cepat dikirim,5
MTA-2018996,"Barang cepat sampai, original",4
MTA-2018996,"Thanks, barang sudah sampai ditujuan",5
MTA-2018996,"Pengiriman cepat...produk baik dan berfungsi dengan sempurna,..barang ori .pengiriman cepat ke Baturaja 5 hari...salut terima kasih blibli....sukses dan selalu yang terbesar..",5
MTA-2018996,Terimakasih banyak ,5
MTA-2018996,sudah terima barang OK,5
MTA-2018996,Fast respon.. packing bagus.. delivery cepat.. recommended seller..,5
MTA-2018996,Barang sdh sampai..,5
MTA-2018996,Alhamdulillah,5
MTA-2018996,Mantap,5
MTA-2018996,"Barang cepaat diproses,pesan tggl 21 datang tggl 23, bonus casing silikon",5
MTA-2018996,Barang sudah diterima,5
MTA-2018996,"Packing Rapi,Pengiriman Cepat Pula,Toko Rekomen dech Pokoknya Thk Blibli
Moga Awet",5
MTA-2018996,"Pengiriman cepat , barang ok . Thanks blibli and seller â™¥ï¸",5
MTA-2018996,"barang dan packing baik, tks blibli",5
MTA-2018996,Pengiriman cepat dan brg sesuai pesanan,5
MTA-2018996,"Barang bagus, packing aman dan pengiriman cepat.... Thanks",5
MTA-2018996,Mantap jiwa,5
MTA-2018996,"Fast pengiriman. Tgl 30 mlm transaksi, tgl 3 sampe...",5
MTA-2018996,Barang ok,4
MTA-2018996,"Sangar memuaskan.
",5
MTA-2018996,"Keren. Kirimnya cepet, gak pake lama. Terimakasih.",5
MTA-2018996,"thx blibli, mdh2an awet",5
MTA-2018996,"Pengiriman cepat,  packing rapih...  Makasih
",5
MTA-2018996,"Barng ok
",4
MTA-2018996,Bagus,5
MTA-2018996,makasi,5
MTA-2018996,"Udah lama nunggu Vivo V9 launching resmi di Indo, begitu ada langsung sikat.
Kualitas nya oke bgt untuk handphone dengan harga 3jt an.
Puas bgt. Semoga awet deh",5
MTA-2018996,Keren barang nya udh sampe dgn selamat peking nya jga bgs sempet di bikin kaget sma gojek nya pket blm diterima tau2 udh dpet konfirmasi brag ditrima trnya di titip security tpi gk ada konfirmasi dri gojek nya semoga barang awet dahh ğŸ˜‡ğŸ˜Š,5
MTA-2018996,"Produk dikirim cepat, packing sangat rapi barang sangat memuaskan. Respon cepat",5
MTA-2018996,Barangnya oke bangett,5
MTA-2018996,Terbaikkkkkkkk,5
MTA-2018996,Pengiriman Barang Cepat terima kasih,5
MTA-2018996,Mantap Blibli ,5
MTA-2018996,Pruduk bagus... ,5
MTA-2018996,Pengiriman lama . Minta invoice ga dikasih .. yaudahlah ya untung bagus ni hp,4
MTA-2018996,"barang smpai dengan cepat, dan sesuai pesanan",5
MTA-2018996,Barang sesuai description.... Tq blibli,5
MTA-2018996,"Kece bget. 
Playnan oke, tp gk ada chat history gtu. Trus, barangny cpt nyampe:order kamis, sabtu udh ambil. ",5
MTA-2018996,Muantap..... Seller recomended,5
MTA-2018996,Barang sdh diterima dgn kondisi baik. Hanya saja pengiriman nya cukup lama sampai nya.,5
MTA-2018996,Pesanan sudah diterima,5
MTA-2018996,Pengiriman cepat. Barangnya asli,5
MTA-2018996,Mantappppp,5
MTA-2018996,Barang sudah datang. Trima kasih,4
MTA-2018996,"Makasih bangett, Hp nya keren bangett,Spek bagus But pengiriman tolong di Perbaiki lagi ya biar cepat kalau mengirimnya makasih",5
MTA-2018996,"barang ok,+bonus nya",5
MTA-2018996,"Semua oke
Cm pengirimn sedikit lemod
Bikin tanda tanya trs",5
MTA-2233170,sipppppppp,5
MTA-2233170,swmoga awet,5
MTA-2233170,makasi blibli sering2 kasi promo ya,5
MTA-2233170,good job ,5
MTA-2233170,"packing rapi,barang oke sesuai ",5
MTA-2233170,gooood,5
MTA-2233170,makasih yaaa,5
MTA-2233170,Barang bagus dan harga murag,5
MTA-2233170,"Gak sesuai, infonya kamera belakang 13 dan 8mp dan digambar juga kamera ganda, tapi yang datang kamera belakang 1 aja. Dilapak garansi 24 bln, tapi di imei hanya 12m. Maaf saya refund aja. Deskripsi gak sesuai produk",1
MTA-2233170,Produk okeh,4
MTA-2233170,Barang baik dan asli,5
MTA-2233170,"good product, good packaging, responsive seller",5
MTA-2233170,Oke juga,4
MTA-2233170,thx ya,3
MTA-2233170,"Mantap ... barang sesuai dan sampai cepat.
Order Senin pagi, sore sampai ...",5
MTA-2233170,Lumayan cepat sampai dan produk asli,5
MTA-2233170,Mantao.. Pengiriman cepat,5
MTA-2233170,Sdh diterima.tks,5
MTA-2233170,"Dipesan tgl 28 Juni 2018 dan baru dikirim 5 hari kemudian tgl 3 Juli 2018, sepertinya kehabisan stok barang krn untuk pengiriman cuma butuh 3 hari saja",4
MTA-2233170,"Baru keterima, blom dicoba so far so good.. thanks
",5
MTA-2233170,Best seller,5
MTA-2233170,"terbaik
",5
MTA-2233170,Barang sudah diterima dengan baik,5
MTA-2233170,Kiriman terlamaaaaa,1
MTA-2233170,"Murah mantap
Cepat aman
Bagus packingnya
Keren oke oce",5
MTA-2233170,"Pengiriman cepat
",5
MTA-0026100,"Cameranya cepet sampai beli tgl 19 september 2018 sampe rumah juga ditanggal yg sama, semua berfungsi dengan baik dan garansi resmi",5
MTA-0026100,Trimakasih barangx sda diterimah dan memuaskan,4
MTA-0026100,Ok sippp,5
MTA-0026100,kami puas dgn berbelanja di blibli meskipun sangat proses pengirimannya kmrin agak lama. smoga kedenpannya bisa lebih baik,5
MTA-0026100,Sayang gak ada memory card,5
MTA-0026100,"Barang baik, tidak cacat",4
MTA-0026100,"Top lah pokonya, barang dipacking rapih dan aman",5
MTA-0026100,"Barangnya udah sampai , sesuai dengan yang d gambar. ",5
MTA-0026100,Sippppppp,5
MTA-0026100,"Barang bagus, sesuai ekspektasi dan sampai sesuai dengan estimasi...good job, makasih blibli.comğŸ˜„",5
MTA-0026100,"Barang sampai lebih cepat dari estimasi, produk bagus",5
MTA-0026100,"barang mulus,,pengiriman aman",5
MTA-0026100,"Kualitas sangat bagus, pengiriman sangat cepat... Thanks you blibli.com",5
MTA-0026100,Uhuuuuuy mantap,5
MTA-0026100,Barangnya oke... tp belom tahu hasil jepretannya karena belom dipakai.,5
MTA-0026100,"Lumayan, tp gua kira udah sama chargernya
Ternyata nggak ya. ",3
MTA-0026100,Bagus Bagus Bagus Bagus,5
MTA-0026100,yayaya,5
MTA-0026100,Alhamdulillah kameranya bagus. Semoga bisa bermanfaat.Hanya saja yang difoto jenis DSC-HX 300,5
MTA-0026100,"Barang oke, dapet bonus batre 4pcs. ",4
MTA-0026100,Barang telah diterima. Semoga awet dan berfungsi baik.,5
MTA-0026100,"Puas dengan kemasannya dan puas dengan semua yang diberikann , semoga sukses terus..
",5
MTA-0026100,Ok... Barang tidak masalah,5
MTA-0026100,Ko ngebleng ya...  Pas mau dimatiin gak mati*...,2
MTA-0026100,"barang sdh di terima, sesuai dgn gambar. pengiriman sesuai estimasi. trims blibli",3
MTA-0026100,"Pengiriman cepat .
Free ongkir dan pasti nya .. Kualitas dan barang oke banget .
",5
MTA-0026100,"Makasih barangnya cepet sampai, ada kartu garansi resminya jg",5
MTA-0026100,Bagus... cepet ko prosesnya.. sabtu siang order minggu siang sampai. Keren. Thanks yaa,5
MTA-0026100,Well done,5
MTA-0026100,"Kenapa tidak dapat kartu memory seperti yg ditawarkan, sedikit kecewa..
Selamanya ok lah untuk belajar jadi fotografer",4
MTA-0026100,Barang sudah saya terima dan berfungsi dengan baik,5
MTA-0026100,Good packing,5
MTA-0026100,"Bagus .. pengiriman cepat ğŸ‘ğŸ»
",5
MTA-0026100,"Terima kasih barang sudah datang, pesan kmrn hari ini datang, over all camera dan aksesorisnya bagus. Cuma kekurangannya knp kartu garansi tdk di beri stempel toko. Kalo mau klaim garansi nanti bagaimana ya?",4
MTA-0026100,Mantab,5
MTA-0026100,"Barang recomended,,,dan cepat sampai,sangat memuaskan",5
MTA-0026100,cepat sampai,5
MTA-0026100,Kiriman sdh di terima,5
MTA-0026100,Sudh terima,3
MTA-0026100,sudah di terima,5
MTA-0026100,Oke saja ,5
MTA-0026100,"Kamera diterima dalam kondisi tersegel, berfungsi baik sesuai deskripsi. Pengiriman dalam satu hari, siang order, barang datang sorenya.. Terima kasih..",5
MTA-0026100,Untuk pemesanan dan pembayaran silakan lansung hubungi kami di WhatsApp - 085397631166.harganya bisa di nego.trimakasi!!! ,1
MTA-0026100,Di tunggu promo nya lg ,4
MTA-0026100,"kamera sangat bagus, sejauh in saya sangat suka dengan barngnya,. tinggkatkan terus blibli.com",5
MTA-0026100,"Terima kasih,, barang sudah sampai,,packing rapi dan okeh..ada kartu garansi asli juga... thks",5
MTA-0026100,Di tunggu promo lain nyağŸ˜‚,4
MTA-0026100,Barang sudah sampai sesuai pesanan. Thaks Blibli...,4
MTA-0026100,"Cari canon 1100d
",5
MTA-0026100,"Lumayan bagus barangnya.... gak berat juga jadi lumayanlah buat hangout... 
Packung kayu okehhhh mpe bukanya susehhh gileeee",5
MTA-0026100,"Lumayan bagus barangnya.... gak berat juga jadi lumayanlah buat hangout... 
Packung kayu okehhhh mpe bukanya susehhh gileeee",5
MTA-0026100,Ga ada garansi resmi dr sony indonesia ya?,5
MTA-0026100,Pengirimannya lewat ap ni ka,5
MTA-0026100,Bisa COD gak,5
MTA-0026100,"Mantap, packing kayu , barang sesuai order. Good job ",5
MTA-0026100,Barang cepat sampai terima kasih,5
MTA-0026100,kredit bisa engga,5
MTA-0026100,Barangnya tiba tepat waktu,5
MTA-0026100,Pengiriman cepat ,5
MTA-0026100,"Produk sudah diterima sesuai pesanan, respon n pengiriman cepat. tq seler n blibli.",4
MTA-0026100,"Barang sudah di terima , kondisi bagus",4
MTA-0026100,Lumayan,4
MTA-0026100,"barang baik dan bagus, sesuai dengan gambar. terima kasih",4
MTA-0026100,Barang sampe dg cepat. Puas  . Bagus. Seronokkk dapat maenan baru,5
MTA-0026100,Kata orang rumah sih dah nyampe ,5
MTA-0026100,"Barang sudah sampai , tetapi memori sdcard tidak ada didalam box, kecewa tidak diberitahu",5
MTA-0026100,"Barang sudah saya terima dengan baik.
Terima kasih blibli.com",5
MTA-0026100,"Terima kasih barang dah nyampe dengan cepat
",5
MTA-0026100,Terimakasih barang sudah saya terima,5
MTA-0026100,Terima kasih barang sudah saya terima.. ,5
MTA-0026100,"cepat, bagus, masih segelan... mantap",5
MTA-0026100,gud bgt lg,5
MTA-0026100,"Packing memuaskan
",4
MTA-0026100,"Puas dengan pelayanannya
",4
MTA-0026100,Sesuai dengan pesanan,4
MTA-0026100,Cukup memuaskan ,3
MTA-0026100,Cukup bagus. ,3
MTA-0026100,"paket rapi,packing kayu, thanks gan",5
MTA-0026100,"Packing rapi pakek box kayu, cpt nyampek, mkasih gan, slm sukses",5
MTA-0026100,"kamera yg bagus... 
jgn dibandingka dengan DSLR
",5
MTA-0026100,i love blibli.com,5
MTA-0026100,thanks blibli......mantap.........,5
MTA-0026100,thanks blibli...........,5
MTA-2171249,Pengiriman cepat,5
MTA-2171249,Thx bli,5
MTA-2171249,Packing aman. Barang original.,5
MTA-2171249,"Packing rapi... barang original... 
Pengiriman lebih cepat dr estimasi",5
MTA-2171249,cepat pengirimannya,5
MTA-2392412,Bagus sekali,5
MTA-2392412,"Produk oke, sesuai spesifikasi di web resmi asus, namun deskripsi dan gambar di iklan tidak sesuai, krn mungkin ada perbedaan spesifikasi antara rakitan indonesia dan luar negeri, mohon diperbaiki aja deskripsinya supaya konsumen gak bingung, overall barangnya sipp mantab, tokonya juga sipp, pengiriman cepat...thanks smartshop...",4
MTA-2392412,"Bokeh ma OS oke banget.
Wifi agak kurang

Tapi harga nya udah turun.. Jadi value banget buat dibeli",5
MTA-2392412,OK sesuai pesanan,5
MTA-2392412,Ok,5
MTA-2392412,"Bagus, ",4
MTA-2392412,Samrtphone dengan bokeh termurah,5
MTA-2392412,"Pengiriman cepat, barang+packing memuaskan",5
MTA-2392412,Barangnya ori and bagus,5
MTA-2392412,"makasih seller, dikirim dengan baik",5
MTA-2392412,makasih boss sudah dikirim,5
MTA-2392412,"Paking rapi,pengiriman cepat dapat voucher pula.
Terimakasih Blibli",5
MTA-2392412,good lah,5
MTA-2392412,barang nya keren,5
MTA-2392412,"kualitas produk baik meskipun pada pengiriman hanya di balut bubble wrap saja tetapi untuk kecepatan pengirimannya bagus sekali,baru pesan lalu sehari setelahnya sudah sampai. tapi harusnya untuk gambar produk lebih real lagi karena zenfone max m1 produksi indonesia tidak dual kamera seperti di gambar,agar tidak terkecoh",5
MTA-2392412,"hanya pengirimannya lama banget,",4
MTA-2392412,Mantap,5
MTA-2392412,"produk berfungsi dengan baik
garansi TAM",5
MTA-2392412,Barang datang sangat cepat sekali dan kualitas oke.. mantappp,5
MTA-2392412,thank youu,5
MTA-2392412,"Barang bagus, sesuai pesanan",3
MTA-2392412,Bagussa,5
MTA-2392412,thankyou,5
MTA-2392412,Puas..keren...,5
MTA-2392412,Puas..keren...,5
MTA-2392412,Produk berfungsi,5
MTA-2392412,mantapp barang na,4
MTA-2392412,Barang original garansi resmi TAM. Tidak pernah kecewa belanja di blibli,5
MTA-2392412,Bagus,4
MTA-2392412,thanksssssss,5
MTA-2392412,Mantabz original..cepat sampai pkoknya mantabz bgt dah blibli...,5
MTA-2392412,thank you gann,5
MTA-2392412,Pengiriman Cepat,5
MTA-2392412,"Lagi2 puas blanja disini, dapat harga yang ok n barang ori",5
MTA-2392412,Pengiriman cepat,5
MTA-2392412,"Barang cepat sampai, produk sesuai deskripsi, garansi resmi.. Barang mantap.. Terima kasih",5
MTA-2392412,garansi resmi,5
MTA-2392412,"MANTAP.....BARANG SDH TIBA SESUAI PESANAN, YANG BIKIN LAMBAT SAMPAI DIRUMAH ADALAH KURIR JNE YANG TIDAK GESIT DAN CEKATAN. BARANG TIBA DI KOTA TUJUAN TGL 23 JULI JAM 00.13 TAPI DIANTAR KE RUMAH TGL 24 JULI JAM 11.10",5
MTA-2392412,Pengiriman cepat,5
