THG-46091-00380,thanks,5
THG-46091-00380,"Brang sesuai pesanan pengiriman cepat, cuma pihak jnenya saja y lama. ",5
THG-46091-00380,Harga murah,5
THG-46091-00380,Packing rapih thx yah,4
THG-46091-00380,"Thanks, barang sudah sampai ditujuan dan sesuai",5
THG-46091-00380,Barang mulus. Cmn tdk ada nota pembelian. Jadi bingung. Kalo ada kendala kerusakan. Untuk ke service center ,4
THG-46091-00380,Makasih,4
THG-46091-00380,bagus ,5
THG-46091-00380,"Terimakasih Blibli
Plastik nya udah diganti",3
THG-46091-00380,Pengirimannya lama,4
THG-46091-00380,Terimakasih,5
THG-46091-00380,Baguss,5
THG-46091-00380,Okk,5
THG-46091-00380,Barang sesuai.  Tq,5
THG-46091-00380,Orser tgl 10 terima tgl 14. Agak lama aja,4
THG-46091-00380,"Mantap gan, lanjutkan",5
THG-46091-00380,Barang sdh diterima.thx,5
THG-46091-00380,"Barang ok .
Semoga awet",5
THG-46091-00380,pengiriman cepatt......brg sesuai pesanan....blm dicoba semoga brg bgs dan gak ada msl ..,5
THG-46091-00380,kualitas barangnya bagus.. mantap banget pokoknya...puas...,5
THG-46091-00380,Sudah sampai di kalimantan dg selamat. So happy with the quality!,5
THG-46091-00380,Tanks blibli,4
THG-46091-00380,"Kurangnya cm 1,nota pembelian tdk disertakan spt biasanya,mudah2an hp awet jd ga usah klaim garansi yg pasti bakal butuh nota pembelian ",4
THG-46091-00380,Barang original dan harga lebih murah daripada beli di toko,5
THG-46091-00380,Bagus sangat,5
THG-46091-00380,Trimakasih,5
THG-46091-00380,received,5
THG-46091-00380,"Pengiriman cepat, barang sesuai deskripsi. Terima kasih",5
THG-46091-00380,Pengiriman sangat cepat. 1 hari sampai.,5
THG-46091-00380,"Awalnya ragu karna harga lebih murah dr pasaran, tp rating penjual bagus dan review bagus. Ternyata barangnya bagus dan ori ada kartu garansi lengkap plus soft case transparan dalam dus. Thanks",5
THG-46091-00380,Mantabh,5
THG-46091-00380,"Barang sdh diterima dgn baik, pengiriman jg cepat terima kasih blibli",5
THG-46091-00380,Mantap mksh blibli,5
MTA-2558080,"Thanks, baramg sudah diterima dengan baik",5
MTA-2558080,sip,5
MTA-2558080,Pesanan diterima dengan baik dan sesuai dengan yg saya pilih.. Keren bnget. Terima kasih ya,5
MTA-2558080,"Smua ny oke n memuaskan,  brg pun ori...  Cm hf ny yg ga tao ori atau ga....  Krna ga ada merk oppo ny d hf....  Tp puas deh smua....  Thanks seller,  thanks HCI,,,,,  recomend",5
MTA-2558080,Produk sesuai pesanan. blibli oke,4
MTA-2558080,"Barang bagus, berfungsi baik",5
MTA-2558080,Sesuai pesanan nya mantap Packing rapi,5
MTA-2558080,"Barang sesuai dengan aplikasi, pengiriman sampe day memuaskan",5
MTA-2558080,Puas,5
MTA-2558080,Barang sesuai deskripsi..masih segel..dikirim pakai jne yes..cepet banget ..sangat memuaskan belanja di toko ini..recommended,5
MTA-2558080,Ok punya........,5
MTA-2558080,"Pengiriman ke daerah saya biasanya paling cepat 3 hari, tapi kali ini butuh 5 hari, sedikit agak telat ya, status dari sedang di proses sampai dengan paket siap dikirim juga agak lambat, mudah2an kedepannya bisa lebih baik lagi.
Untuk paketnya sendiri belum dicoba, tapi mudah2an gak ada masalah. Thaks seller, thanks blibli.com",4
MTA-2558080,Sangat baik,5
MTA-2558080,"Pengiriman sesuai estimasi
Produk istimewah",5
MTA-2558080,Pengiriman biasa. Produk ok paling ok,5
MTA-2558080,"Segel sudah terbuka, entah karena pengambilan kartu garansi atau apa. Tapi kalau kartu garansi seharusnya diinfokan di deskripsi barang",2
MTA-2558080,"Produk sudah diterima walaupun beda warna, tpi di berikan Headset free.",5
MTA-2558080,"Barang sesuai pesanan ,kereenn bngt warna ungu kesukaan sy ,cepat sampainya, terima kasih",5
MTA-2558080,"Pengiriman pakai Go Send.. pesan siang. Malamnya sampai.
Hp masih disegel. Belum dibuka karena pesanan teman.
Semoga awet dan berfungsi baik.",5
MTA-2558080,"Agk lama dlm pemrosesan maupun pengiriman, namun packaging rapi. Barang bagus dengan harga yg paling murah",5
MTA-2558080,Berfungsi dg baik n keren,5
MTA-2558080,Thanks barang sudah sampai ditujuan,5
MTA-2558080,"Barang mantap.. Sangat memuaskan, pengiriman cepat üëçüëçüëç",5
MTA-2558080,okkkk,5
MTA-2558080,"Thanks, barang sudah diterima dengan baik",5
MTA-2558080,"Pengiriman cepat, gratis ongkir lg, produk ok sesuai dgn yg diharapkan",5
MTA-2558080,"Barang berfungsi baik, pengiriman cepat dan packaging baik. Thanks",5
MTA-2558080,ok mantap gan,5
MTA-2558080,"Sudah diterima tapi belum dibuka, packing aman dus aman, dan masih segel, semoga kelengkapan dan hpnya berfungsi baik",5
MTA-2558080,"pesan hari ini besoknya langsung sampai, packing oke",5
MTA-2558080,Sesuai....barang ok.,4
MTA-2558080,"Thanks gan suka bgt, krn warnany memang wrna fav unggu, cantik & mewah krn perpaduan 3 warna, unggu, biru & rose gold, seller fast respon, barang sesuai pesanan, packing rapih krn di lapis bubblewarp, yg psti barang bs dtg dihari yg sama krn pake go send same day, smga awet, thanks ya gan üòâ",5
MTA-2558080,"Seller komunikatif, tanya jawab di WA selalu direspon dengan baik! Produk sangat baik, hasil kamera bagus untuk ponsel dengan harga semurah ini, body juga sangat cantik. Sudah dapat anti gores terpasang dari pabriknya, dan dapat bonus free soft case di dalam kemasan, jadi tidak perlu repot cari lagi. Tampilan produk kelihatan mewah karena layarnya yang hampir full. Pengiriman produk sangat aman, dilapisi dengan beberapa lapis buble wrap, walaupun tanpa packing kayu.",5
MTA-2558080,Thanks barang sudah sampai ditujuan,5
MTA-2558080,"cepat sampai, sesuai pesanan",5
MTA-2558080,Bagus,5
MTA-2558080,"Pengiriman cepat,, hari ini transfer besoknya barang langsung datang. Hanya packingnya tidak  safety,, dos jadi penyok",4
MTA-2558080,"Number One Cell memang Okay banget....Respon sangat cepat, kemasan rapi dan brg ori 100%",5
MTA-2558080,Fast respon & shipping,4
MTA-2558080,"Mantap , cpt , barang mulus..",4
MTA-2558080,"Pengiriman cepat sekaliiii, recommended seller bgt. Next akan beli Gadget disini lagi pasti. Thankyouuuu",5
MTA-2558080,Bagus ok tp packing kurang baik krn dus y sedikit penyok,5
MTA-2558080,Barangnya bagus tidak cacat,5
MTA-2558080,Tapi colokan buat buka kartunya gk ada,5
MTA-2558080,pengiriman cepat mantap,5
MTA-2558080,"Barang cepat sampe, pesen kemaren dikirim hari ini. hebat..",5
MTA-2558080,Respon cepat .barang sampai nya cepat bgt pesan mlaam inj besok siang lgsg dpt.thannks ya,5
MTA-2558080,Produk nya bagus dan sesuai dgn pesanan,5
MTA-2558080,top markotop deh,5
MTA-2558080,Cukup bintang yang berbicara,4
MTA-2558080,Recommended seller,5
MTA-2558080,Brg nye luar biasaaa... keren banget,5
MTA-2558080,Puas Dengan pelayanan nya,5
MTA-2474125,"Internal 256 dan ram 8 gb, mantappp",5
MTA-2474125,Terima kasi gadget/blibeli melayani sangatpuas sy trm,5
MTA-2474125,Masi di perjalanan.ok puas,5
MTA-2474125,Cepet kirimnya,5
MTA-2474125,Barang yang diterima sangat baik,5
MTA-2474125,"Fast Respon, Quick Delivery, Nice Service, great product. Recommended seller. Thanks",5
THG-46091-00356,Produk berfungsi dfn baik.,5
THG-46091-00356,PACKING BAIK,5
THG-46091-00356,Josh gun,5
THG-46091-00356,Produk original,5
THG-46091-00356,Tkahnks blibli.com & barang ok,4
THG-46091-00356,"Barang ok ,tapi gk ada headsetnya ,apa hp oppo yg versi baru kayak ini semua üòÖ",5
THG-46091-00356,"Ori, semoga awet",4
THG-46091-00356,Mantapp baru pesen sore bsk sore uda nyampee,5
THG-46091-00356,Puas dengan paket yg diterima,5
THG-46091-00356,"Barang berfungsi dengan baik, namun sayang sekali, tidak menyertakan earphone dalam paket penjualan",5
THG-46091-00356,ok,5
THG-46091-00356,"Pengiriman cepat, packing aman...barang sesuai. Mantappp",5
THG-46091-00356,"Barang sesuai deskripsi, kameranya jg jernih. Layare full, desainnya n warnanya jg elegan. Sip dech. Thanks blibli n seller",5
THG-46091-00356,"Baru buka..
Semoga awet ",5
THG-46091-00356,Good,4
THG-46091-00356,"Sangat memuaskan, barang dikirim hari yang sama, recommended deh",5
MTA-2524602,Baguuuuss,5
MTA-2524602,trimakasih,5
MTA-2524602,"Pengiriman cukup lama
Barang OK, terima kasih",4
MTA-2524602,Sangat puas,5
MTA-2524602,Ok,5
MTA-2524602,Pengiriman cepat,5
MTA-2524602,Barang sudah diterima...packingnya ok dan rapi,5
MTA-2524602,Produk diterima dengan baik,4
MTA-2524602,Barang mendarat aman,5
MTA-2524602,barang oke cepat sampai,5
MTA-2524602,Barang sdh diterima dgn baik,5
MTA-2524602,Produk berfungsi dfn baik.,5
MTA-2524602,orii,5
MTA-2524602,BARANG CEPET SAMPAI,5
MTA-2524602,Baik,5
MTA-2524602,Alhamdulillah sudah sampai,5
MTA-2524602,PACKING BAIK,5
MTA-2524602,Barang ya cepat sekali dtg ya.  Smoga awet ya,5
MTA-2524602,Pengiriman cepat..semoga awet,5
MTA-2524602,Produk berfungsi dengan baik,5
MTA-2524602,Bagus,5
MTA-2524602,Terimakasih Blibli,4
MTA-2524602,Pengiriman cepat,5
MTA-2524602,Terimakasih,5
MTA-2524602,Josh gun,5
MTA-2524602,Produk original,5
MTA-2524602,Tkahnks blibli.com & barang ok,4
MTA-2524602,Ok lah,4
MTA-2524602,"Pengiriman cepat. Produk oke, thanks blibli",4
MTA-2524602,"Barang ok ,tapi gk ada headsetnya ,apa hp oppo yg versi baru kayak ini semua üòÖ",5
MTA-2524602,ty blibli................,5
MTA-2524602,Produk berfungsi dgn baik,5
MTA-2524602,Barang diterima dgn baik.,5
MTA-2524602,Produk berfungsi dengan baik,4
MTA-2524602,Produk diterima dengan baik. Cuma untuk setting bhs indonesianya blm tersedia. ,3
MTA-2524602,Ok,5
MTA-2524602,"Barang diterima dengan baik, pengiriman barang cepat. Terima kasih",5
MTA-2524602,Kualitas barang sesuai dan cepat sampai,5
MTA-2524602,"Ori, semoga awet",4
MTA-2524602,Produk berfungsi baik. Barang sesuai dengan deskripsi. Pengiriman prosesnya cepat. ,5
MTA-2524602,"Terimakasih, bagus semuanya ",5
MTA-2524602,Mantapp baru pesen sore bsk sore uda nyampee,5
MTA-2524602,"Belum dibuka tp semoga brg nya normal, thx blibli",5
MTA-2524602,"Pengiriman cepat,, bfungsi dgn baik...thx...",5
MTA-2524602,"Barang sesuai descripsi, tetapi pengiriman sangat lama... same day ko jadi 3 day",5
MTA-2524602,"Barang ori, garansi resmi. Mantap",5
MTA-2524602,Cepat sampainya,5
MTA-2524602,"Pengiriman cepet, barang mulus lus lus",5
MTA-2524602,Puas dengan paket yg diterima,5
MTA-2524602,"Barang berfungsi dengan baik, namun sayang sekali, tidak menyertakan earphone dalam paket penjualan",5
MTA-2524602,Terimakasih banyak,5
MTA-2524602,Packing rapih,5
MTA-2524602,Ok bgt.......,5
MTA-2524602,Ok sesuai,5
MTA-2524602,Semoga awet,5
MTA-2524602,Keren,5
MTA-2524602,"Top,
Mantab,
Thanks Blibli ",5
MTA-2524602,ok,5
MTA-2524602,"Pengiriman cepat, packing aman...barang sesuai. Mantappp",5
MTA-2524602,Tidak ada kabel chargernya dan sdh ad aplikasinya jd seperti bukan brg baru meskipun brg disegel..blm di pakai kecewa duluan jadinya,3
MTA-2524602,Terimakasih banyak,5
MTA-2524602,"Pengiriman cepat, paket ok, brg sesuai deskripsi. Mudah2an awet.",4
MTA-2524602,Barang sudah diterima sesuai dengan pesanan dan kondisi baik ,4
MTA-2524602,"Barang ok, kemasan mantap, pengiriman cepat",5
MTA-2524602,Produk bagus. Tidak ada yang rusak.,5
MTA-2524602,pengiriman cepat,4
MTA-2524602,Mantab ,5
MTA-2524602,"Mantab, model kekinian, harga nggak sangar",5
MTA-2524602,Pengiriman cepat .,5
MTA-2524602,barang sesuai description....semoga awet....tq blibli,5
MTA-2524602,"Barang sesuai deskripsi, kameranya jg jernih. Layare full, desainnya n warnanya jg elegan. Sip dech. Thanks blibli n seller",5
MTA-2524602,Cepat dan aman,5
MTA-2524602,"Baru buka..
Semoga awet ",5
MTA-2524602,Good,4
MTA-2524602,mantap gan,5
MTA-2524602,"Sukak banget belanja di blibli.com.
Barang original semuaaa~~",4
MTA-2524602,received,3
MTA-2524602,Terimakasih ,5
MTA-2524602,Produk berfungsi dgn baik,5
MTA-2524602,CEPET BANGET SAMPENYAAAA... TOP DEH. MAKASIIIHH...,4
MTA-2524602,Produk berfungsi dgn baik,5
MTA-2524602,"Barang bagus, respon & pengiriman cepat. ",5
MTA-2524602,"Harga murah, kualitas ok",5
MTA-2524602,Belum dbuka sih. Mudah2n aman2 saja tak ada kendala. ,5
MTA-2524602,Barang sesuai deskripsi..semua berfungsi dgn baik..,4
MTA-2524602,"Kecepatan Pengiriman standar sesuai dengan yang dijanjikan, namun seharusnya bisa lebih cepat. dikemas denga baik.
Kondisi produk OK, sesuai dengan harganya untuk handphone kelas menengah",4
MTA-2524602,"Barang sesuai pesanan dan pengriiman cepat..pokokny mntapp dehh

",5
MTA-2524602,"Barang Bagus Pas sesuai Deskripsi, Pengiriman Super Duper Cepattt Sore order besok sorenya Sudah sampai Kerenn Padahal bukan Pakai Gos*nd or Gr*b Instan",5
MTA-2524602,"Sangat memuaskan, barang dikirim hari yang sama, recommended deh",5
MTA-2524602,"Mantap dah..1 hari langsung smpe barangya..trima kasih


",5
MTA-2524602,Barang sesuai dengan spesifikasi,4
MTA-2524602,Good,5
MTA-2524602,"pengiriman cepat sekali ..udah sering belanja disini selalu sesuai dan cepat ..recomended .
terimakasih",5
MTA-2524602,Sesuai deskripsi tapi pengiriman lama,5
MTA-2524602,Barang sesuai pesanan,5
MTA-2524602,good job,5
MTA-2524602,Fast respon fast delivery good produk,5
MTA-2524602,Barang diterima dengan baik. Terima kasih,5
MTA-2524602,Barang diterima dengan baik. Terima kasih,5
MTA-2524602,bagus,5
MTA-2524602,"Barang sesuai pesanan, packing aman...pengiriman cepatüëçüèª",5
MTA-2524602,"Box masih segel.makasih gan,makasih Blibli",5
MTA-2524602,Barang sesuai deskripsi..model trend masa kini...,5
MTA-2565263,Muraaahhhh,5
MTA-2565263,Alhamdulillah ,5
MTA-2565263,"Original, barang cakep, kemasan #",5
MTA-2565263,thanks,5
MTA-2565263,"Brang sesuai pesanan pengiriman cepat, cuma pihak jnenya saja y lama. ",5
MTA-2565263,Harga murah,5
MTA-2565263,Packing rapih thx yah,4
MTA-2565263,Makasi blibli,5
MTA-2565263,Kualitas produk sengaja ksh bintang 3 krn blm tau,3
MTA-2565263,Barang sesuai description... Pengiriman cepat... Smoga awet,5
MTA-2565263,"Thanks, barang sudah sampai ditujuan dan sesuai",5
MTA-2565263,Barang mulus. Cmn tdk ada nota pembelian. Jadi bingung. Kalo ada kendala kerusakan. Untuk ke service center ,4
MTA-2565263,Makasih,4
MTA-2565263,bagus ,5
MTA-2565263,"Terimakasih Blibli
Plastik nya udah diganti",3
MTA-2565263,Pengirimannya lama,4
MTA-2565263,Terimakasih,5
MTA-2565263,Barang nya ori dan baru,5
MTA-2565263,Ok,5
MTA-2565263,Baguss,5
MTA-2565263,Okk,5
MTA-2565263,Barang sesuai.  Tq,5
MTA-2565263,Orser tgl 10 terima tgl 14. Agak lama aja,4
MTA-2565263,"Mantap gan, lanjutkan",5
MTA-2565263,"Keren ne toko & jasa pengiriman nya
Seusai estimasi waktu....
Di box kayu, bukanya aja penuh perjuangan...
Barang ORI dan kualitas....
Puasssss",5
MTA-2565263,"Prodak sesuai , baru di coba semoga tidak ada kendala .. Thank you ",5
MTA-2565263,"Thanks, barang sudah sampai ditujuan",5
MTA-2565263,Warnanya cantik. Ada free soft case nya jg dlm dus,5
MTA-2565263,Thanks barang sudah sampai ditujuan,5
MTA-2565263,Barang sdh diterima.thx,5
MTA-2565263,"Barang ok .
Semoga awet",5
MTA-2565263,Good,5
MTA-2565263,"pengiriman sangat cepat dan barang sesuai dengan pesanan,,, recomended seller smoga barangnya awet... thanks blibli dan merchant,,, top",4
MTA-2565263,pengiriman cepatt......brg sesuai pesanan....blm dicoba semoga brg bgs dan gak ada msl ..,5
MTA-2565263,Mantaaab... ,5
MTA-2565263,"Produk sudah di terima dgn baik, kualitas Mantap",5
MTA-2565263,Trimakasih,5
MTA-2565263,Produck bagus kemasan ok banget sampai dipaking kayu,5
MTA-2565263,kualitas barangnya bagus.. mantap banget pokoknya...puas...,5
MTA-2565263,"Ok semuanya, Mantab!!!",5
MTA-2565263,Sudah sampai di kalimantan dg selamat. So happy with the quality!,5
MTA-2565263,Tanks blibli,4
MTA-2565263,Awalnya deg2an n sempat ragu.. Cm setelah barang di cek dan digunakan smpai skrg oke n ori ada kartu garansi imei trdftr .. ada nota pembelian ddlm... Tambah review spy mkin bnyk yg prcaya.... ,5
MTA-2565263,Response sangat cepat dengan pengiriman juga cepat. Packaging rapi. Barang ori dgn harga bersaing,5
MTA-2565263,Terima kasih Blibli.. barangnya sesuai pesanan,4
MTA-2565263,"Barang berfung dengan baik, sesuai iklan speknya. pengiriman cepat sampai.",5
MTA-2565263,"Kurangnya cm 1,nota pembelian tdk disertakan spt biasanya,mudah2an hp awet jd ga usah klaim garansi yg pasti bakal butuh nota pembelian ",4
MTA-2565263,"Thanks, barang sudah sampai ditujuan",4
MTA-2565263,Barang original dan harga lebih murah daripada beli di toko,5
MTA-2565263,Bagus sangat,5
MTA-2565263,"Pengiriman Lumyan Cepet ,Barang Gak Sesuai Permintaan Minta Biru ada nya MERAH,Kalo Kosong Seharusnya Jangan Di Tulis READY DONK,Info Aja So Far Bagus Semua lah",4
MTA-2565263,Trimakasih,5
MTA-2565263,"Packing bagus, hp bagus, cepat sampai",5
MTA-2565263,Manstaff,5
MTA-2565263,bagu dah,4
MTA-2565263,received,5
MTA-2565263,received.....,5
MTA-2565263,"Peniriman cepat
Barang sesuai deskripsi
",5
MTA-2565263,Pengiriman sangat cepat thanks blibli,5
MTA-2565263,Barang sesuai dengan pesanan. Keren dan cepat dalam pengirimannya,5
MTA-2565263,"barang sdh di terima,makasih",5
MTA-2565263,"Pengiriman cepat, barang sesuai deskripsi. Terima kasih",5
MTA-2565263,Pengiriman sangat cepat. 1 hari sampai.,5
MTA-2565263,barang cpt sampai n packing rapi,5
MTA-2565263,"Awalnya ragu karna harga lebih murah dr pasaran, tp rating penjual bagus dan review bagus. Ternyata barangnya bagus dan ori ada kartu garansi lengkap plus soft case transparan dalam dus. Thanks",5
MTA-2565263,Suka belanja di sini... 1 hari sampe.. mantap dah,5
MTA-2565263,Produk sesuai deskripsi semoga awet,4
MTA-2565263,Mantabh,5
MTA-2565263,"Barang sdh diterima dgn baik, pengiriman jg cepat terima kasih blibli",5
MTA-2565263,Mantap mksh blibli,5
MTA-2565263,Packing OK. Pengiriman cepat,5
MTA-2565263,Bagusss...,5
MTA-2565263,"Pengiriman sangat cepat, meski tujuan akhir di daerah pelosok hutan luar jawa. Dan produk sesuai iklan. N waktu datang dan sampai d gunakan adalah sip....",5
MTA-2565263,Produk masih tersegel dengan baik,5
MTA-2565263,Mantap,5
MTA-2565263,"Produk recommend, terimakasih seller dan blibli ",5
MTA-2565263,received,3
MTA-2565263,Pengiriman cepat. Kualitas barang bagus,5
MTA-2565263,Barang segel pengiriman cepat packing mantapp,5
MTA-2565263,Mantabbb,4
MTA-2565263,"Barang bagus,,pengiriman cepat",4
MTA-2565263,barang bagus sesuai dengan yang dikirim,5
MTA-2565263,Awesome. Fast respon,5
MTA-2565263,sesuai order,5
MTA-2565263,"Pengiriman cepat, pack rapi, barang ok , tq ya blibli , recomended seller nich harga juga cincayy",5
MTA-2565263,"Barang sdh nyampe,semoga awet",4
MTA-2565263,"Barang ori, garansi resmi..
Harga murah, selisih 250ribu dgn harga toko offline",5
MTA-2565263,Barang sesuai description...pengiriman cepat.....semoga awet...,5
MTA-2565263,"Barang sesuai dgn pesanan,Dan pengiriman cukup cepat",4
MTA-2565263,Puas beli lewat seller ini...estimasi pengiriman 2-5 hari..tapi realisasi nya 1hr saya sudah terima paketnya,5
MTA-2565263,Plastik segel sudah terbuka. ,2
MTA-2565263,Makasi ya.. suka,5
MTA-2565263,"barang sudah terima dan berfungsi dengan baik, kiriman super cepat...makasih",5
MTA-2565263,Mantappp,5
MTA-2565263,Cepat sampai..,5
MTA-2565263,Barang cepat sampai sesuai deskripsi. Belum di tes pakai barangnya jadi belum bisa komen lanjut,5
MTA-2565263,Makasih hp sdh smpe di manado,4
MTA-2473785,Kereeennn,5
MTA-2473785,Produk bagus sekali bukan kaleng kaleng,5
MTA-2473785,Terimakasih,5
MTA-2473785,Pengiriman cepat sekali. Barang mantap,5
MTA-2473785,Produk berfungsi normal tanpa cacat.,5
MTA-2473785,"okay barang sdh sampai,,tks",5
MTA-2473785,mantap barangnya ok punya,5
MTA-2473785,"pengiriman sangat cepat nunggu barangnya cuma 2 hari aja, produk berfungsi normal",5
MTA-2473785,Packing rapi sayang cuma pake bubble mofa aja awet,5
MTA-2473785,"Mantab
Thanks Blibli ",5
MTA-2473785,Bagus bgettt...........,5
MTA-2473785,Proses Cepat Kualitas Oke. Thx,5
MTA-2473785,Ok,5
MTA-2473785,Respon merchant yg sgtt cepat.. Dan harganya pun lebih murah  dibandung yg lain. Sampai beli 3x di sini.. Tq blibli dan merchant,5
MTA-2473785,Gooooood Product.......Istimewa. Recomended Seller,5
MTA-2473785,Terimakasih Blibli,4
MTA-2473785,"Pakai gosend pesan siang, sore udh sampe
Pengiriman nya cepat, hp nya sesuai sm deskripsi tp untuk packing nya msh blm padat
Over all good lah
Thx blibli & gosend ",5
MTA-2473785,Sudah diterima...packing aman dan rapi...mudah2an tidak ada masalah dan awet...thanks blibli,5
MTA-2473785,Bagus banget.. elegant. Tapi sayang kurang handsfree nya ga ada dalam box.,5
MTA-2473785,mantap gan,5
MTA-2473785,Bagus,5
MTA-2473785,Trimakasi,5
MTA-2473785,Terimakasih,5
MTA-2473785,Oke .Hanya saja knp segel dr Oppo nya sudah terbuka ,4
MTA-2473785,Pengiriman sangat cepat ,5
MTA-2473785,Bgus sesuai pesanan,5
MTA-2473785,Bagus,5
MTA-2473785,"cucokbanget, smoga awet",5
MTA-2473785,Barang belum dibuka,3
MTA-2473785,Pengiriman cepat,5
MTA-2473785,Good produck dan pengirimannya cepat üëç Tq merchant dan blibli,5
MTA-2473785,Oke,5
MTA-2473785,Makasih barangnya cepet banget sampenya,5
MTA-2473785,"Berfungsi dan diterima dengan baik, pengiriman juga cepat. Terima kasih",5
MTA-2473785,Barang original hrg murah üëç,5
MTA-2473785,Terimakasih banyak ,5
MTA-2473785,dk bgt,4
MTA-2473785,"Recommended banget beli barang di blibli, pertahankan kecepatan delivery barang dan kemudahan pilihan pembayaran.... 

Utk pilihan klikbca kalau bisa batas waktunya diperpanjang... Jadi 12 jam at least ",5
MTA-2473785,Mantap tingkatkan,5
MTA-2473785,Produk ok dan tidak cacat,5
MTA-2473785,barang cepet banget sampeny n rapi... lom di test hp ny semoga gak ada keluhan,5
MTA-2473785,received,5
MTA-2473785,Sesuai dengan pesanan...thks blibli,5
MTA-2473785,"Barang berfung dengan baik, sesuai iklan speknya. pengiriman cepat sampai",5
MTA-2473785,Terima kasih,4
MTA-2473785,keren,5
MTA-2473785,Sudah diterima dengan baik,4
MTA-2473785,"produk ok dan recomended deh, thanks",4
MTA-2473785,produk sangat bagus dan terjanjau harganya,5
MTA-2473785,"Barang diterima dengan baik, packing ok dan cepat pengiriman",5
MTA-2473785,Barang diterima dengan baik dan respon seller cepat.. Tks blibli ,5
MTA-2473785,Sangat puas.. Pengirimannya cepat,5
MTA-2473785,ok dan sip,5
MTA-2473785,Terimakasih  banyak,5
MTA-2473785,Barang dipacking sangat aman. Pengiriman cepat sekali. Terimakasih Blibli,5
MTA-2473785,"Pengiriman cepat. Dos packing sebaiknya diganjal spy tdk longgar
",5
MTA-2473785,"Cepat, tepat, dan berkualitas untuk blibli",4
MTA-2473785,"Terimakasih Blibli, kemasan mantap, kualitas barang ok, pengiriman cepat",4
MTA-2473785,"Pengiriman baik dan sangat cepat, kondisi produk baik. hanya saran saja untuk kemasan agar di buat lebih aman lagi. thanks",5
MTA-2473785,Sangat memuaskan,5
MTA-2473785,okokokok,5
MTA-2473785,Mantap ,5
MTA-2473785,baik dan cepat,4
MTA-2473785,Cepat sampai,5
MTA-2473785,"pengiriman dan kemasan sangat baik, tapi deskripsi produk tolong di perbaiki karena kelengkapan paket ditulis dapat handsfree tapi begitu saya unboxing tidak ada handsfree",5
MTA-2473785,Good seller! ,5
MTA-2473785,di dekripsi terdapat headset tp tdak ada ,4
MTA-2473785,"packing sangat aman, kualitas produk sangat baik",5
MTA-2473785,"Pengiriman cepat , packing rapi, semoga barangx awet..kecewa headset tdk ada di dalam dos",5
MTA-2473785,Barang dah datang.  Kok ga ada head setnya? Apa produk ini ga ada head set kah Min? ,5
MTA-2473785,"pingiriman sangat cepat, mantap dah,, maju terus buat tokonya.",5
MTA-2473785,Barang ori masih tersegel..garansi ok punya..barang berkualitas..tks blibli..,4
MTA-2473785,"Pengiriman cepat sesuai jadwal, packing mantap walaupun dikirim pakai gojek tetap dibubble tebal.. recommended seller.. thanks",5
MTA-2473785,Terimakasih banyak,5
MTA-2473785,"Barang sdh di terima,makasih",5
MTA-2473785,Bagus,5
MTA-2473785,Ok sesuai,5
MTA-2473785,"Barang Ok.
pengiriman cepat.
packing OK",5
MTA-2473785,produk sesuai pesanan barang cepat sekali sampainya gak ada cacat kemasan rapih.. mantapp ,5
MTA-2473785,mantap,4
MTA-2473785,Sippppp,5
MTA-2473785,received,3
MTA-2473785,Rekomend,5
MTA-2473785,produk diterima sesuai deskripsi,5
MTA-2473785,Garansi resmi good,4
MTA-2473785,"Mantap, semoga awet",4
MTA-2473785,semoga awet .. !!,4
MTA-2473785,"Oke, pengiriman cepat",5
MTA-2473785,"Terimakasih, hp nya bagus dan original...",5
MTA-2473785,Pengirimannya sangat cepat,5
MTA-2473785,Barang sesuai pesanan,5
MTA-2473785,Terimkasih,4
MTA-2473785,"bagus, ok, proses cepat",5
MTA-2473785,Barang sudah diterima dengan baik.. semoga awet. Mantap pelayanannya,5
MTA-2473785,Puas. Dikasih bonus lagi.,5
MTA-2473785,sangat memuaskan dengan produknya,5
MTA-2473785,Barang oke. Pengiriman cepat,5
MTA-2473785,Barang bagus sesuai dengan deskripsi,5
MTA-2473785,Bagusss,5
MTA-2473785,Bagusss,5
MTA-2473785,Sangat jos cepat banget pengirimannya,5
MTA-2473785,Pengiriman Cepat !!!,4
MTA-2473785,Recommended seller,5
MTA-2473785,"Pengiriman cepat banget.
Produk segel. Dan warna sesuai pesanan.
Alhamdulillah.
Thanks",5
MTA-2473785,Terima kasih,5
MTA-2473785,Bagus,5
MTA-2473785,"lumayanlah, tidak ada kartu garansi",3
MTA-2473785,Sudah diterima sesuai pesanan dan jadwal,4
MTA-2473785,"Barang Bagus, packing bagus",5
MTA-2473785,Produk bagus. Packaging jg bagus. Pengiriman biasa ajah. ,5
MTA-2473785,"Produk berfungsi dengan baik.,",5
MTA-2473785,Mantap,5
MTA-2473785,Produk ori ,5
MTA-2473785,Barang sesuai pesanan & berfungsi normal,5
MTA-2473785,"Sesuai...
Paking rapih
",5
MTA-2473785,"pengiriman cepat dan produk sesuai dengan deskripsi,goodjobs",5
MTA-2473785,Terima kasih pesanan sdh diterima dgn baik dalam waktu 3 hari saja,4
MTA-2473785,Pengiriman cepat dan sesuai dengan pesanan,4
MTA-2473785,Mantap,5
MTA-2473785,Semoga awet,5
MTA-2473785,Goodüëç,5
MTA-2473785,Alhamdulilah memuaskan,5
MTA-2473785,Gooddddddddddddddddddddddddddddddddddddddd,5
MTA-2473785,"Barang bagus new masih segel,juos saya pesan ungu dikasih ungu",5
MTA-2473785,Sesuai pesanan üëå,5
MTA-2473785,Product OK harga OK,5
MTA-2473785,"Cepat pisannnnn...semoga awet yah,nuhun pisan blibli ",4
MTA-2473785,Sangat puas lay produk masih segel pengiriman cepat,5
MTA-2473785,Ok lah,5
MTA-2473785,Murah dan dapat promo. Sayang pengiriman lambat karena kesalahan dari kurir JNE nya. Sempet status misroute 2x.,5
MTA-2473785,barang sdh diterima dengan baik,5
MTA-2473785,Barang sesuai pesanan dan bagus,5
MTA-2473785,Oppo a3s,5
MTA-2473785,Good seller good price good product ‚ù§,5
MTA-2473785,"terimakasih, pengiriman cepat dan barang sesuai",5
MTA-2473785,"Produk sampai sesuai waktunya. Kondisi bagus, packing rapi. Cuma beda warna dari yg dipesan aja. Keseluruhan sangat baik

",5
MTA-2473785,mantap,5
MTA-2473785,"Produk original, nyamperin nya cepet 
",5
MTA-2473785,"Gak sampai sejam barang udah ada di hadapan. Penjual OK banget. Barang belum dibuka nunggu yg punya, Semoga barang OK juga..
Makasih, semoga Tom n Jerry gak eker2an trus ya :)
Makasih penjual makasih blibli..",5
MTA-2473785,"produk cepet sampai,  packing baik aman lah pokoknya,  ",5
MTA-2473785,"Barang sesuai pesanan thankyou.
",5
MTA-2473785,Terimakasih banyak,4
MTA-2473785,barang saya terima dengan packing rapi makasih ya .cocok buat kalian yang ingin beliüëç,5
MTA-2473785,Packing oke ada buble nya...digoyang2 mayan empuk waktu nerima..dan barang setelah dibuka baik kondisinya..,5
MTA-2473785,Terima kasih üôèüèª,5
MTA-2473785,"Barang sdh sampai sblm waktu estimasi tiba.d terima dg rapi & ga pale lecet krn pke bubble wrap
Suka bgt sm pelayanananya. Sy ksh jempol 5 üòöüòöüòöüòöüòöüòöüòö
",5
MTA-2473785,Datangnya cepet banget.. barangnya oke ,5
MTA-2473785,"Respon cepat, barang sesuai deskripsi, packing tebal....sampai sebelum estimasi...üëçüëçüëç
Thx Blibli.",5
MTA-2473785," baru kali ini beli hp tanpa ada handsfree 
",4
MTA-2473785,"Good seller, barang sesuai dan pengiriman sangat cepat",5
MTA-2474120,Barang sampai sesuai estimasi,4
MTA-2474120,semoga awet ajah ..,5
MTA-2474120,Fine stuff.,5
MTA-2474120,Barang sudah sampai...belum dicoba semoga awet,4
MTA-2474120,Sip,5
MTA-2474120,Packing rapi tapi sayang cuma pake bubble....moga aja awet,5
MTA-2474120,PACKING BAIK,5
MTA-2474120,Pagi pesan. Siang sampai. Mantappp,5
MTA-2474120,Good,4
MTA-2474120,Sistem nya masih kurang koordinasi,3
MTA-2474120,Lancar jaya.,5
MTA-2474120,MANTAB,5
MTA-2474120,Works well!!!,5
MTA-2474120,ty blibli.............,5
MTA-2474120,Sangat memuaskan blanja blibli,5
MTA-2474120,Mantal,5
MTA-2474120,"Produk original, real pict, bagus",4
MTA-2474120,"Bagus, pengiriman cepat 
Thanks Blibli & Seller.",5
MTA-2474120,semua nya wajar... mantap gan,5
MTA-2474120,"kecepatan cepet banget, sehari langsung sampai, barang bagus cuman chargernya ko kaya bekas yaaa ??? tapi no problem lah,
overall sih bagus semoga awet thanks blibli",5
MTA-2474120,good job,5
MTA-2474120,Pesanan berfungsi dengan baik dan tidak ada cacat,5
MTA-2474120,cepat sampai. kualitas sedang dicoba. thanks blibli,5
MTA-2474120,"barang berfungsi dengan baik,
pengiriman juga cepat,
packing bagus dan aman,
sesuai dengan yang diinginkan.",5
MTA-2474120,Mantab lah,5
MTA-2474120,Baik,5
MTA-2474120,"recomended, pengiriman cepat order rabu sore, kamis sore udah di kirim
barang sesuai deskripsi
packing lumayan rapi ",5
MTA-2474120,Semoga awet...,3
MTA-2474120,"Barang sudah kami tetima,terima kasih blibli",4
MTA-2474120,"Pengiriman cepat..pagi transfer...malem dateng..mdh2an awet
Recomended seller üëçüëçüëç",5
MTA-2474120,"Pengiriman cepat, barang dipesan sabtu, cuma kejeda minggu, senin langsung sampai. Thanks seller, thanks blibli",5
MTA-2474120,"Barang sesuai pesanan, secara umu",4
MTA-2474120,Mantapaaaaaaaapppppppppppppp ,5
MTA-2474120,"Barang sdh di terima,makasih",5
MTA-2474120,"Memuaskan...proses cepat, packing okey...recommended seller, thanks",5
MTA-2474120,bagus barang nya sesuai pesanan.,5
MTA-2474120,barang sesuai dgn orderan,5
MTA-2474120,"Paket lengkap sesuai deskripsi, berkualitas, mantap.. semoga awett",5
MTA-2474120,Pengiriman cepat.cuma 1 hari,5
MTA-2474120,Lumayan cepat.. thanks,4
MTA-2474120,"Nice produk fast respond, thanks blibli and merchant",5
MTA-2474120,Lumayan....... yan,5
MTA-2474120,Semoga barangnya awet....recommended seller,5
MTA-2474120,Barang original tp sayang gak sesuai ekspektasi. Dg harga segitu ..untung pake voucher belinya,5
MTA-2474120,"Diterima dg baik, packing aman",5
MTA-2474120,Barang ok. Kemasan rapi dan pengiriman cepat.trims blibli,5
MTA-2474120,Barang diterima dengan baik. Terima kasih,5
MTA-2474120,Barang diterima dengan baik. Terima kasih,5
MTA-2474120,Packing rapi & sesuai harapan,5
MTA-2474120,Br sempat buka paketnya overall bagus thanks,5
MTA-2474120,Alhamdulilah barang telah diterima ,5
MTA-2474120,"Ok, produk recommend sellers. Thanks Blibli ",5
MTA-2474120,Keren.. sudah dipasangin TG dan bonus fase,5
MTA-2474120,Sesuai mantab....,5
MTA-2474120,Recomended,5
MTA-2474120,"Barang berfungsi dengan baik.
packing rapi.
Respon Penjual OK.",5
MTA-2474120,Barang Tidak Berfungsi (Alias Mati),1
MTA-2579667,Pengiriman cepet banget makasi,5
MTA-2579667,Barang sesuai,5
MTA-2579667,Sudah sampai dgn cepat,4
MTA-2579667,Cepat diterima. Harga ok,5
MTA-2579667,makasih seller dan blibli,5
MTA-2579667,Bagus..sayang prises kirim 2 hari setelah order barang baru dikirim,5
MTA-2579667,Alhamdllh udh datang barang x td pesanan cmn 3 hr smg hp bermemfaat ,4
MTA-2579667,Blibli.com tercaya utk belanja online,4
MTA-2579667,pesanan sesuai dengan deskripsi,5
MTA-2579667,Produk sesuai pesanan,5
MTA-2579667,Hp berfungsi dgn baik,5
MTA-2579667,Pengiriman cepat,5
MTA-2579667,cepat bgt,5
MTA-2579667,"Produk mantab, cepet sampe barang mulus sesuai deskripsi üëçüëçüëçüëç",5
MTA-2579667,Semoga ngga bermasalah..  Dan dikasi nota kok..  Thanks seller and blibli.. ,4
MTA-2579667,Ok ,4
MTA-2579667,sdh diterima dgn kondisi baik dan cepat sampai,5
MTA-2579667,Aman sampai papua,5
MTA-2579667,"Thanks, barang sudah diterima dengan baik",5
MTA-2579667,Jos pokok nya,5
MTA-2579667,"Barang bagus, pengiriman super cepat. Memuaskan..",5
MTA-2579667,Pengirimannya cepat,5
MTA-2579667,pengiriman cpt rapi dan aman,5
MTA-2579667,"Produk ori, pengiriman cepat",5
MTA-2579667,mantap,5
MTA-2579667,Barang bagus,5
MTA-2579667,"Nyala, tersegel",5
MTA-2579667,Pengiriman cepat,5
MTA-2579667,Cepat datang kiriman dan rapi kemasannya. Thx.,5
MTA-2579667,"Makasihhh pengiriman cepat ampe ke Papua, order Kamis, Senin uda ampe.. Plus dapet free juga.. Aahhh suka banget.. Belum dicoba semoga gak ada masalah juga yaa.. Sukses terus kaka",5
MTA-2579667,"Pengiriman sangat cepat, produk sesuai dan original",5
MTA-2579667,Bagus dan pengiriman cepat... Thanks,5
MTA-2579667,Thank yaaaaaaaaaaa,5
MTA-2579667,"Harga lebih murah, ori dan hp nya keren bgt",4
MTA-2579667,Mantabbb!!! Hp nya keren bgt dah pokoknya ^__^,5
MTA-2579667,pengiriman lumayan lama,4
MTA-2579667,"Thx ya, kiriman cepat, sesuai deskripsi",5
MTA-2565264,"Barang sesuai dengan deskripsi, masih dalam kondisi tersegel, tidak terlihat ada kerusakan sama sekali di kardus yang masih tersegel. Melihat spek di dus sih sudah sesuai pesanan. Tidak saya buka karena ini titipan. Semoga saja aman-aman saja setelah dibuka. Pengiriman cukup cepat, kemasan pengiriman cukup baik walau kemasan pengiriman kurang bernuansa blibli. Balutan bubble wrap nya tebal banget. Mantap!",5
MTA-2565264,"Produk tidak sesuai dengan deskripsi.
Seharusnya 4/64 GB",4
MTA-2565264,"Dipesan RAM 6GB, dikirim RAM 4GB , semoga bisa diganti dengan pesanan yg sesuai",1
MTA-2565264,Barang datang sesuai pesanan dan proses cepat,5
MTA-2565264,"Di penawaran tertulis 6/64gb
Yg datang 4/4gb",4
MTA-2565264,Nice,5
MTA-2565264,"Produk oke tp tdk sesuai pesanan ato foto iklan yg slah ketik. 
Di iklan ram 6gb rom 64gb tp yg dikirim ram 4gb rom 64gb",5
MTA-2565264,"di deskripsi tertulis oppo f9 smartfhone (6 gb/ 64 gb)
tetapi yg saya terima oppo f9 (4 gb / 64 gb)
dengan ram 4 gb.",3
MTA-2565264,Mantab,5
MTA-2565264,selalu cepat ..padahal hari minggu barang udah sampe ..cepat sekali ...thx,5
MTA-2610011,"Sesuai gambar, ori",5
MTA-2610011,"Barang sesuai pesanan,,, semoga awet dan bisa order lagi ",5
MTA-2610011,Mantap blibli... thx,5
MTA-2610011,thanks,5
MTA-2610011,Fast delivery.. 1 hr sampai... good product n price... Thanks seller.,5
MTA-2610011,Produk diterima dalam keadaan baik. Packing aman. Tidak ada masalah dengan produk. Puas berbelanja di blibli,5
MTA-2610011,Pengiriman cepat,5
MTA-2610011,Agak lambat sampai mungkin dari ekspedisinya yang lama.. But semuanya oke kok ,5
MTA-2610011,cepat bgt,4
MTA-2610011,Terimakasih blibli,5
MTA-2610011,barang berfungsi dengan baik,5
MTA-2610011,Ok,5
MTA-2298531,"barang OK ,  respon seller cepat, packing rapi",5
MTA-2298531,PRODUK ORIGINAL ... SANGAT PUAS,5
MTA-2298531,"Good seller & barang sesuai deskripsi, recommended seller, thanks for all",4
MTA-2298531,"Terimakasih barang sudah diterima, blm sempat dicek semoga ga ada masalah",5
MTA-2298531,ty blibli...............,5
MTA-2298531,barang sesuai orderan,5
MTA-2298531,sdh diterima,4
MTA-2298531,Good,5
MTA-2298531,Pengiriman cepat ,5
MTA-2298531,"Yg di pesan A83, datang A3S !!!!",4
MTA-2298531,"Yang dikirim oppo A3s, buka A83 / tidak sesuai pesanan",4
MTA-2298531,Blibli ok,5
MTA-2298531,Terimakasih banyak ,5
MTA-2298531,Murah dan cepat,4
MTA-2298531,baguss... thanks..,5
MTA-2298531,"Pengiriman cepat, seller infokan warna pengganti. Packing rapi, thx",4
MTA-2298531,Alhamdulilah barang telah diterima ,5
MTA-2298531,Bagus ,5
MTA-2298531,Mantapaaaaaaaapppppppppppppp ,5
MTA-2298531,Thankyu yaaaaaaaaa.....,5
MTA-2298531,BARANGF MASIH BELUM DICOBA..SEMOGA  TDK BERMASALAH,5
MTA-2298531,"Produk bagus.
Respon cepat.
JNE e yang eroor.",5
MTA-2298531,Belum dibuka tapi barang sudah diterima,4
MTA-2298531,Saya pesan Oppo A83 warna hitam Or black dan pesanan saya datang 3hari setelah pemesanaan lumayan cepat kalo packing rapih pake bubble wrap dan deskripsi produk kecewa pesan barang black datang gold,4
MTA-2298531,Paket cepat seperti kilat..tq,5
MTA-2298531,Cepat sampai.. memuaskan pastinyaüòä,5
MTA-2298531,"barang cepat sampai, sangat puas trims",5
MTA-2298531,"Belum dapat info tentang pengiriman,tau tau barang sdh datang.10 * untuk pengirimanya,cepat sekali.Spesifikasi pas sesuai duskripsi.Mantap,layar full screen & gambar tajam.Tampilan desainya keren,jaman now banget",5
MTA-2477268,Barangnya bagus pokoknya recommended lah.....,5
MTA-2477268,lumayan cepat,5
MTA-2477268,"Terima kasih, pengiriman cepat sekali. Smartphonenya responsif, kameranya bagus. Top bgt de. ",5
MTA-2477268,Terimakasih blibli saya sangat puas berbelanja disini,5
MTA-2477268,siip,5
MTA-2477268,Top,5
MTA-2477268,sesuai pesanan dan deskripsi harga jg lebih murah pengiriman standar sampe krg lebih 4 atau 5hari smoga awet,4
MTA-2477268,"Barang ok, tetapi dipackingnya tidak menggunakan bubble wrap",5
MTA-2477268,"Barang bagus, harga murah, thanks gan...",5
MTA-2477268,Produk berfungsi dengan baik,5
MTA-2477268,received,5
MTA-2477268,received,5
MTA-2477268,"Semua oke
Mkasih blibli",5
MTA-2477268,Barang sesuai pesanan.... Smoga awet... Tq blibli,5
MTA-2477268,Baru mau test. Semoga bagus,5
MTA-2477268,Baguus semoga baik baik ja tpi ga ada nota pembeliannya mksh byk blibli pengirimannya cepat bgt kerenn,5
MTA-2477268,produk sesuai deskripsi,5
MTA-2477268,"Alhamdulillah sudah sampai... Bagus bngt, thanks blibli... Semoga awet lah",4
MTA-2477268,Barang ok pengiriman nya cepat,5
MTA-2477268,mantap gan,5
MTA-2477268,ok ok k,5
SOE-60021-00766,Pengiriman cepat dan produk original tetapi di spesifikasi katanya dapat earphone ternyata tidak,3
SOE-60021-00766,Sesuai deskripsi,5
SOE-60021-00766,okelah... pengiriman cepat,4
SOE-60021-00766,Bagus,5
SOE-60021-00766,Mantap gan,5
SOE-60021-00766,WOW BANGET KALO BELI DI BLIBLI MAH,5
SOE-60021-00766,"Lumayan cepat..janji senin sampai kamis barang baru sampai, taunya minggu jam 11 sudah dateng..",5
SOE-60021-00766,"Packing tanpa bublewrap,, sya rasa kurang aman",4
SOE-60021-00766,Makasih blibli,4
SOE-60021-00766,Produk ada blank hitam di bagian kiri bawah layar,1
SOE-60021-00766,received,5
SOE-60021-00766,Mantap ,5
SOE-60021-00766,Sesuai pesanan,5
SOE-60021-00766,Warna sesuai dengan deskripsi,5
SOE-60021-00766,"Sip,
Thanks Blibli ",5
PRR-60025-00002,Ok,5
PRR-60025-00002,Barang ya cepat sekali dtg ya.  Smoga awet ya,5
PRR-60025-00002,Pengiriman cepat..semoga awet,5
PRR-60025-00002,Produk berfungsi dengan baik,5
PRR-60025-00002,Bagus,5
PRR-60025-00002,Ok lah,4
PRR-60025-00002,Produk berfungsi dgn baik,5
PRR-60025-00002,Produk berfungsi dengan baik,4
PRR-60025-00002,Produk diterima dengan baik. Cuma untuk setting bhs indonesianya blm tersedia. ,3
PRR-60025-00002,"Belum dibuka tp semoga brg nya normal, thx blibli",5
PRR-60025-00002,"Pengiriman cepat,, bfungsi dgn baik...thx...",5
PRR-60025-00002,Cepat sampainya,5
PRR-60025-00002,Terimakasih banyak,5
PRR-60025-00002,"Barang ok, kemasan mantap, pengiriman cepat",5
PRR-60025-00002,Pengiriman cepat .,5
PRR-60025-00002,"Sukak banget belanja di blibli.com.
Barang original semuaaa~~",4
PRR-60025-00002,received,3
PRR-60025-00002,"Barang bagus, respon & pengiriman cepat. ",5
PRR-60025-00002,Barang sesuai deskripsi..semua berfungsi dgn baik..,4
PRR-60025-00002,"Kecepatan Pengiriman standar sesuai dengan yang dijanjikan, namun seharusnya bisa lebih cepat. dikemas denga baik.
Kondisi produk OK, sesuai dengan harganya untuk handphone kelas menengah",4
PRR-60025-00002,"Mantap dah..1 hari langsung smpe barangya..trima kasih


",5
MTA-2113725,harga bersaing dan dapat hadiah bonus speaker bluetooth. pengiriman sangat cepat,5
MTA-2113725,makasih sudah diterima barang nya..,5
MTA-2113725,Terimakasih,5
MTA-2113725,Produk telah sampe tapi belum dicoba semoga berfungsi dgn baik & awet,4
MTA-2113725,Sesuai,4
MTA-2113725,CEPAT BANGET,5
MTA-2113725,Sudah diterima dengan baik...packing rapi dan aman...mudah2an tidak ada masalah dan awet...thanks blibli,5
MTA-2113725,Bagus,5
MTA-2113725,Kemasan rapi. Pengiriman cepat. Harga bersaing,4
MTA-2113725,"Paling rapi.. Respon cepat
",5
MTA-2113725,Kurang cepat datang nya tidak ada konfirmasi dr toko,4
MTA-2113725,Pengiriman cepat dan packing rapi...barang diterima dengan keadaan bagus...sukses selalu blibli.com,5
MTA-2113725,"Sesuai pesanan good seller 
Love love lahh",5
MTA-2113725,Pesanan sesuai..lengkap..Makasih ya...,4
MTA-2113725,ok lah. unitnya. sepertinya kotak udh dibuka u garansinya. udh diisi nama pembeli.. mudah2an aman n ok.,5
MTA-2113725,Cepat kirim nya,5
MTA-2113725,Thanks blibi,5
MTA-2113725,"Harga paling murah, barang original, pengiriman cepat, tapi pengirimannya hanya dibubble wrap, sedangkan sy pernah beli hp di toko lain pengiriman pakai kotak kayu. ",5
MTA-2113725,"Product is original, color is as mentioned, all specifications as mentioned.
But packing was not ok, no box... just the original box!!
They cover it with bubbles wrap only !!
And also the seller called to confirm about the colour only and didn't ask for the complete address (because I just put the main address in the order) so we faced alot of problems with the shipping company JNE.",2
MTA-2113725,Pengiriman cepat tepat.. barang bagus masih segel.. mantab..,5
MTA-2113725,Mantap... F7 memang bagus secara performance. Pakai mediatek terbaru...,5
MTA-2113725,"Mks brg sdh mndrat dngan slmat,sesuai harapan",5
MTA-2113725,"original dan sesuai dengan apa yang di deskripsikan, pengirimannya juga cepat",5
MTA-2113725,Mantap,5
MTA-2113725,"Fast responce,barang jg ok....mantapppps",5
MTA-2113725,Ok good,5
MTA-2113725,"Promo ok, barang ok, harga mantabz, pengiriman cepat, respon penjual ok... makasih blibli",5
MTA-2113725,cepat bngt pengirimannya tapi kok gak ada ya kartu garansi ny,5
MTA-2113725,"Blibli+Kredivo = Duet Maut
Originalitas barang,harga,kemudahan trx,packing,pengiriman (beli kmrin hari ini dah nyampe barngnya),service, point rewards...alamakkkkk..
Makasih banyak lohhh Blibli !!",5
MTA-2113725,"Sdh diterima 
Mudah mudahan tidak bermasalah 
Tq.
",5
MTA-2113725,"SAYA BELUM TERIMA PRODUK SAMA SEKALI.

NO. RESI TIDAK SESUAI DENGAN ALAMAT SAYA.

MOHON MASUKIN NO. RESI YANG BENER.",1
DTY-60021-00014,orii,5
DTY-60021-00014,Baik,5
DTY-60021-00014,Terimakasih,5
DTY-60021-00014,Ok,5
DTY-60021-00014,"Pengiriman cepet, barang mulus lus lus",5
DTY-60021-00014,Packing rapih,5
DTY-60021-00014,Ok bgt.......,5
DTY-60021-00014,Ok sesuai,5
DTY-60021-00014,Keren,5
DTY-60021-00014,"Top,
Mantab,
Thanks Blibli ",5
DTY-60021-00014,Barang sudah diterima sesuai dengan pesanan dan kondisi baik ,4
NEG-47539-00234,"Barang cepat sampe, pesen kemaren dikirim hari ini. hebat..",5
THG-46091-00382,sip,5
THG-46091-00382,Ok punya........,5
THG-46091-00382,"Pengiriman ke daerah saya biasanya paling cepat 3 hari, tapi kali ini butuh 5 hari, sedikit agak telat ya, status dari sedang di proses sampai dengan paket siap dikirim juga agak lambat, mudah2an kedepannya bisa lebih baik lagi.
Untuk paketnya sendiri belum dicoba, tapi mudah2an gak ada masalah. Thaks seller, thanks blibli.com",4
THG-46091-00382,"Pengiriman sesuai estimasi
Produk istimewah",5
THG-46091-00382,Pengiriman biasa. Produk ok paling ok,5
THG-46091-00382,"Pengiriman pakai Go Send.. pesan siang. Malamnya sampai.
Hp masih disegel. Belum dibuka karena pesanan teman.
Semoga awet dan berfungsi baik.",5
THG-46091-00382,"Agk lama dlm pemrosesan maupun pengiriman, namun packaging rapi. Barang bagus dengan harga yg paling murah",5
THG-46091-00382,okkkk,5
THG-46091-00382,"Barang berfungsi baik, pengiriman cepat dan packaging baik. Thanks",5
THG-46091-00382,"Sudah diterima tapi belum dibuka, packing aman dus aman, dan masih segel, semoga kelengkapan dan hpnya berfungsi baik",5
THG-46091-00382,Sesuai....barang ok.,4
THG-46091-00382,Bagus,5
MTA-2547914,Mana nota pembelian saya ko GK ada nota GI mna sih ini,4
MTA-2547914,Oke banget,5
MTA-2547914,"produk ok , pengiriman lama banget",4
MTA-2547914,Suka bngt,4
MTA-2547914,Good,5
MTA-2547914,Saya belum mendapatkan gimmick seperti yang dijanjikan dalam pesanan.,3
MTA-2547914,Brg sesuai pesanan.. Tx..,5
MTA-2547914,bagus,5
MTA-2547914,Good,5
MTA-2547914,barang sesuai description....product yg bagus dan kualitas bagus...smoga awet...tq blibli,5
MTA-2547914,"mana gratisan headset nya? tidak sesuai yang dijanjikan nih. tau gitu mending saya beli langsung ditoko aja daripada udah nunggu lama kemarin, malah kayak gini akhirnya",4
MTA-2547914,"Barang sudah diterima dengan baik...packing sangat memuaskan karena dipacking dengan kayu cukup aman dan tidak perlu kawatir lagi sangat terjamin...unitnya juga sangat memuaskan begitu elegan dan premium banget, fitur voocnya juga sangat bagus tidak perlu terlalu lama untuk mencharging sudah terisi penuh baterenya...dengan kamera 25 MP kamera depannya membuat selfy tambah keren...pokoknya puas dah sama oppo f5 ini...thank bliblin thanks oppo indonesia di tunggu kiriman free gimmicknya ya? ü§≠üòÇüòÇüòÇ",5
MTA-2547914,"OPPO F9 ,compliment nya Mana Kok Belom Di Kirim Kan Juga ,Katanya Mau di kirimkan Maksimal 15 September 2018?? Mana Janjimu ??? Jangan Jambu Donk...",3
MTA-2547914,"Sesuai dengan Deskripsi, memuaskan dan dikirimkan dengan sangat aman. Terima kasih kepada Seller dan Blibli.",5
MTA-2547914,Mantaaap hapenya greget tp headset bluetoothnya ga ada nih.. Padahal pas PO klik iklan yg berhadiah bluetooth,5
MTA-2547914,"pengiriman cepat, kondisi barang baik",5
MTA-2547914,Good.. Semua OK,5
MTA-2547914,"Pengirimannya lebih cepat dari estimasi waktunya,
Packaging nya ok banget, di pack kayu dan box tambahan,
handphonenya ok banget, fast chargingnya sesuai deskripsi produk,
kameranya jangan di tanya lah ya oppo, pasti bening dan tajam. over all performa nya baik sekali. this handphone absolutely worth the money...
desain hpnya sendiri cakep,, dazzling banget....",5
MTA-2547914,Barang baru diterima di hari terakhir estimasi kirim,5
MTA-2547914,Walaupun kirim nya lama... Tp over all bagus,5
MTA-2547914,"Oppo F9 produk terbaru dan fitur VOOC nya sudah bisa untuk fast charging.  Tampilan layar lebih menarik dari Oppo F7 dan rasio 19,5 : 9 body dan cukup compact. 
Dan fitur VOOC nya sangat mendukung untuk kerja yang membutuhkan posisi baterai lebih cepat terisi dan untuk pemakaian lebih lama. 
Foto selfinya bagus dan berbagai macam tipe untuk selfie.  Semoga Oppo F9 lebih bagus dari produk yang lain",5
MTA-2547914,Produk dipacking kayu sehingga aman... produk bagus... ,5
MTA-2547914,Bagus.. Tp hasil foto camera jelek dalam ruangan,3
MTA-2547914,"Good Stuff, no scratch",5
MTA-2547914,Cepat dan ok,5
MTA-2547914,Saya ingin bertanya. Apakah cabel dan plug charger Power yg didalam box kemasan OPPO sdh merupakan vooc speed charger. Atau yg dikemasan itu charger biasa sehingga Kita harus beli terpisah. Thanks,5
MTA-2547914,HP original karena dikirim oleh oppo langsung.. walaupun pengiriman agak lama tapi tidak terlambat.. Hp besar dan kokoh.. puas sekali,5
MTA-2547914,Alhamdulilah barang telah diterima ,5
MTA-2547914,Hp nya Ok,4
MTA-2547914,"barang fungsi baik, packing baik!!!",5
MTA-2547914,"Setelah istri saya melahirkan anak pertama kami pada bulan Agustus, saya ingin memberikan sebuah hadiah sebagai tanda terimakasih atas perjuangannya yang amat berat selama proses persalinan. Kebetulan saya melihat banner pre-order dari Oppo f9 dan saya langsung memutuskan untuk memilih smartphone ini sebagai hadiah.

Keputusan ini bukanlah sesuatu yang sulit. Di tahun 2018 sebagai era smartphone `berponi`, Oppo f9 menyajikan sesuatu yang berbeda dengan waterdrop screennya yang menurut saya sangat menarik. Memiliki layar 6.3 inchi tidak membuat smartphone ini sulit dipegang, karena dengan screen aspect rationya yang 19,5 : 9 body dari smartphone ini cukup compact. Bahkan istri saya yang memiliki tangan cukup kecil dapat memegangnya dengan nyaman hanya menggunakan satu tangan.

Sebagai ibu baru, istri saya sangat disibukkan untuk mengurus bayi kami sehingga sering lupa melakukan charge smartphonenya. Dengan Oppo f9, istri saya tidak perlu khawatir meninggalkan rumah dengan baterai smartphone yang sudah mau habis. Fitur VOOC chargingnya memungkinkan dia untuk charge smartphone dengan sangat cepat, dicharge sambil ditinggal bersiap-siap saja Oppo f9 sudah memiliki daya yang cukup untuk bertahan seharian.

Salah satu alasan utama saya memilih Oppo f9 tentu tidak lepas dari kamera selfienya yang luar biasa. Walapun Oppo tidak memberikan embel-embel smartphone selfie di f9 ini, saya tetap percaya dengan kemampuan Oppo f9 untuk memberikan hasil selfie yang maksimal. Sangan cocok untuk ibu baru yang hobinya berfoto dan selfie dengan bayinya. Dan setelah barangnya datang, kepercayaan saya benar, hasil foto yang dihasilkan memang sangat memukau.

Oppo f9 ini sudah sempurna dalam mengakomodir segala kebutuhan multimedia istri saya. Terimakasih istriku, selamat menikmati hari-harimu menjadi seorang ibu :)",5
MTA-2547914,Mantap...,5
MTA-2547914,"Barang diterima dengan baik dalam kondisi tersegel. Saya melakukan pre order tgl 24 Ags 18, barang diterima oleh saya (lokasi di Jakarta) tgl 6 Sep 18. Semoga free gimmick dapat dikirim secepatnya",5
MTA-2547914,"Akhirnya oppo f9 mendarat di tangan. Kemarin sebelum f9 preorder, saya sempet akan membeli f7 diblibli, tetapi pada saat saya buka aplikasi blibli.com saya tanpa sengaja melihat iklan preorder oppo f9. Akhirnya bermodalkan melihat spesifikasi dan review di youtube soal hp ini, saya menjadi tertarik dengan fitur utama VOOC Flash charge OPPO F9. Awalnya sempat khawatir, beneran nggak ya? Dengan harga 4,299 (hampir sama kayak f7) bisa dapetin fitur-fitur yang super keren. Dan, kemarin sore paketan datang, dengan packaging yang super aman, dilengkapi dengan box kayu (terimakasih blibli dan oppo indonesia), di dalamnya adalah hp oppo f9, charge, headset (sumpah headsetnya bening banget), dan softcase bening. 
Body f9 sedikit lebih bongsor daripada f7, dengan body yang lebih mewah versi f9 ini. Casenya akan membentuk pola  apabila terkena cahaya lampu, auto detect face dan finger print sangat responsif. 
Hal yang paling parah kerennya, saat baterainya tinggal 19%, cuma butuh waktu 40an menit sudah terisi sampai full. Saat saya mencoba gaming, hp tidak panas dan baterai tidak boros. Pokoknya hp berkualitas dengan harga terjangkau. Yang belum beli silahkan beli hp ini. Recomended pokoknya. Dan jangan lupa belinya di blibli.com, terpercaya, original, cepat sampainya dan yang paling utama sering banget ada voucher asal rajin pantengin. And, sekali lagi terimakasih oppo indonesia dan blibli.com hapenya recomended, pelayanan juara.. ",5
MTA-2547914,"Produk keren dari oppo, sesuai dgn apa yg di hebohkan saat launching, Salah Satu fitur keren di hape ini adalah teknologi VOOC, design body yg anti mainstream, solid saat digenggam, dan yg terpenting adalah harganya yg terjangkau untuk mendapatkan semua fitur keren yg Ada di oppo f9.",5
MTA-2547914,Akhirnya sampai juga setelah sekian lama ditunggu ,5
MTA-2547914,Oppo f9 bener2 mantablah ngecharge cepet bgt ga kerasa tiba2 penuh.keren bgt pokoknya ga da matinya ,5
MTA-2547914,Order ke 2 kali pembelian smartphone di BLIBLI.COM. sangat memuaskan & terpercaya. Kali ini order OPPO F9 . Kualitas HP mantapss. Kamera jernih. Terumata teknologi VOOC flash charging menambah puas memiliki OPPO F9 ini. Terus terdepan OPPO!!! ,5
MTA-2547914,baik,5
MTA-2547914,"Packing rapih banget, tanpa ada cacat sedikit pun. Pengiriman sesuai waktu. Tinggal nunggu gift dr Oppo F9",5
MTA-2547914,"Bagus, packing kayu kokoh dan gampang di unbox",5
MTA-2547914,"pertama liat barangnya....wouw banget
saya suka, tapi belum aku cobain sih untuk fitur2 danyang lainnya",5
MTA-2547914,Barang akhirnya sampai... barang sesuai dgn speknya dan packingnya baik... ,5
MTA-2547914,"Hp sudah diterima dengan baik. Produk & Packing sangat baik, terima kasih blibli.com",5
MTA-2547914,"Packing aman dan rapi, barang memuaskan",5
MTA-2547914,"Packing rapih, tdk ada cacat, bntuk hp woooww bget",5
MTA-2547914,"Kemasan pengiriman produk meyakinkan sehingga tidak ragu dengan produk yang diterima karena terjaga. Ketika dibuka, produk tidak ditemukan cacat secara fisik. Thank a lot of....",4
MTA-2547914,"Pertama kali belanja di blibli.com langsung beli oppo F9. Hape keren, tampilan milenial, vooc chargingnya mantab beut cocok buat juga buat gamers kyk saya, klo kamera mah, oppo udah ga diragukan lagi dah..
Pengiriman cepet beut, packaging ajib dah pake kayu super aman, kualitas jangan ditanya top.. 
Semoga bonusnya cepet dateng...
Terimakasih oppo, terimakasih blibli.com",5
MTA-2547914,"Dari blibli pelayanannya luar biasa dari segi kecepatan pengiriman dan keamanan saat pengiriman bener bener aman. Dari Gadgetnya sendiri Oppo F9.. bener bener eye catching, selfienya keren meski low light dan VOOC untuk pengisian daya sangat amat membantu oranh seperti saya dengan mobilitas yg tinggi.. overall.. Blibli dan Oppo sama sama hebat dalam bidangnya masing masing... saluutttt!!!!",5
MTA-2547914,"Kesekian kali ga pernah kecewa pakai produk oppo dari mulai RS7 yg charge batre nya cepat, F1s yg keunggulan kamera selfie nya yahut ,F3 ga jauh beda kekuatan selfie sama versi sbelum nya, F5 yg penyempurnaan camera nya makin canggih, skrng ngerasain juga kecanggihan kamera yang di tambah kecepatan charging yg super cepat, dengan harga yg ga terlalu nguras kantong, produk2 oppo selalu jadi andalan android gw. OPPO KEREN !!!",5
MTA-2547914,Produk berfungsi dg baik dan original ,5
MTA-2547914,Sangat asyik berbelanja Gadget di Blibli.com. Oppo F9 tiba tepat waktu dan dikemas dengan sangat aman. Thanks Blibli.com.,5
MTA-2547914,"ambil promo preorder dan produk dikirim tepat waktu serta packing rapi. yang menarik fitur VOOC flash charge nya cepat banget dan ga nunggu lama buat ngecharge sampe full, selain itu fitur google lens nya yang mantap bisa mencari segala hal melalui kamera. warna gradasi case nya juga keren. pokoknya top banget hp nya.",5
MTA-2547914,Packing kayu....mantap...barang sesuai deskripsi....lagi nunggu hadiah pre ordernya...blibli.com makin mantap,5
MTA-2547914,"Akhirnya F9 ditangan.. Overall keren bgt, fisiknya keren bgt berkelas, chargingnya luar biasa cepet. Ga nyesel beli ini..",4
MTA-2547914,Produk berfungsi dengan baik dan tidak ada cacat sama sekali. ,5
MTA-2547914,"Liar biasa, oppo f9 benar benar bagus üëç",5
MTA-2547914,"terima kasih oppo dan blibli packing nya rapih dan aman.... 
puas deh pokok nya
ditunggu pengiriman free gift nya ya",5
MTA-2547914,Barang nya mantap kiriman lebih mantap cpt bgt secepet vooc charger nya üòùüòùüòù tinggal nggu free gimmick nya,5
MTA-2547914,Baru pertama pakai oppo dan puas. Harga tidak mahal tp qlty bagus.,5
MTA-2547914,VOOC mantaaappp,5
MTA-2547914,Gimmick nya belum ya ,5
PRR-60025-00004,Terimakasih,5
PRR-60025-00004,"okay barang sdh sampai,,tks",5
PRR-60025-00004,mantap barangnya ok punya,5
PRR-60025-00004,Ok,5
PRR-60025-00004,Respon merchant yg sgtt cepat.. Dan harganya pun lebih murah  dibandung yg lain. Sampai beli 3x di sini.. Tq blibli dan merchant,5
PRR-60025-00004,Bagus,5
PRR-60025-00004,"cucokbanget, smoga awet",5
PRR-60025-00004,"Berfungsi dan diterima dengan baik, pengiriman juga cepat. Terima kasih",5
PRR-60025-00004,Mantap tingkatkan,5
PRR-60025-00004,barang cepet banget sampeny n rapi... lom di test hp ny semoga gak ada keluhan,5
PRR-60025-00004,keren,5
PRR-60025-00004,Barang diterima dengan baik dan respon seller cepat.. Tks blibli ,5
PRR-60025-00004,Sangat puas.. Pengirimannya cepat,5
PRR-60025-00004,Barang dipacking sangat aman. Pengiriman cepat sekali. Terimakasih Blibli,5
PRR-60025-00004,"Pengiriman cepat. Dos packing sebaiknya diganjal spy tdk longgar
",5
PRR-60025-00004,"Terimakasih Blibli, kemasan mantap, kualitas barang ok, pengiriman cepat",4
PRR-60025-00004,"pingiriman sangat cepat, mantap dah,, maju terus buat tokonya.",5
PRR-60025-00004,Terimakasih banyak,5
PRR-60025-00004,"Mantap, semoga awet",4
PRR-60025-00004,sangat memuaskan dengan produknya,5
PRR-60025-00004,Recommended seller,5
PRR-60025-00004,Barang sesuai pesanan & berfungsi normal,5
PRR-60025-00022,semoga awet ajah ..,5
PRR-60025-00022,Barang sesuai spesifikasi,4
PRR-60025-00022,Recommended seller dari sekian banyak seller. Bagus responnya produk cepat dikirim dan pakingnya ok,5
PRR-60025-00022,Pengiriman yg sangat cepat dari seller dan packing yg bagus. Produk saat ini berfungsi,5
PRR-60025-00022,Mantap,5
PRR-60025-00022,Suka deh gesit bgt..,4
PRR-60025-00022,Semoga awet,5
PRR-60025-00022,"Mantap,.. sesuai pesanan...packing rapi",5
PRR-60025-00022,Barang bagus sesuai deskripsi,4
PRR-60025-00022,cepat sampai,3
PRR-60025-00022,Good...Pengiriman Cepat.,5
PRR-60025-00022,Mantap,5
